c430d0380e;268;3;150304
9493cfbaf6;265;5;150304
5c28450971;263;2;150304
2f5c573e6c;258;3;150304
8801db5fa3;253;3;150304
daae20e36c;252;3;150304
d2379b35fd;250;3;150304
b6005fbc0a;249;3;150304
2a0fcd2131;247;1;150304
d17190dbc3;247;3;150304
2217b6c4bc;246;2;150304
b7b876160e;241;5;150304
3e3e9192b6;241;4;150304
b175905c1e;237;3;150304
18c9b9a06d;235;3;150304
2145c6ff10;235;3;150304
22b924e1b8;235;1;150304
218c273de0;233;3;150304
6e2b7ca884;233;2;150304
ccb7ea74b9;232;1;150304
9eeb2dadd6;229;3;150304
000281b01b;229;1;150304
2d0e3bb017;229;3;150304
7da6b761c5;227;5;150304
baf5d4efcf;226;1;150304
36cf44b735;226;3;150304
10a7a83273;226;5;150304
d83ea08790;226;2;150304
5d18f2a212;224;1;150304
72e0f311f1;224;4;150304
3da4f95f85;223;5;150304
7be0763f2b;223;1;150304
5c84f3d3c9;222;4;150304
51474aff50;221;5;150304
1097f04e87;220;2;150304
321fcae662;219;4;150304
837ce8fc04;219;3;150304
49eee131be;219;3;150304
2609ce4893;219;2;150304
407106e276;219;1;150304
4b9d0501df;218;3;150304
309c4075c9;217;3;150304
1cfae64e92;217;4;150304
ba43175d98;217;1;150304
b003e70b0b;216;2;150304
f81e7d9c38;215;1;150304
24d32feaaa;214;2;150304
e68ebac88c;213;5;150304
b99ae5e16e;213;3;150304
b14f47e5c6;213;3;150304
8059228239;213;4;150304
0dc9b28855;213;3;150304
f04b050dc1;213;1;150304
f31c0c46c9;212;5;150304
56d6030dd3;212;1;150304
9ecebb1cc0;212;4;150304
dcdf55e1cd;212;3;150304
0c77384b3c;212;3;150304
6c9bd3ae9d;211;5;150304
b613c006b7;211;3;150304
e577c04b4d;210;4;150304
837ecb8f9d;209;5;150304
69687777d9;209;4;150304
b1527f4b9d;208;1;150304
3c7b376283;207;5;150304
39fccfa80e;207;7;150304
32bc372d0f;207;4;150304
d46bed6dbe;207;1;150304
c67031d19e;206;1;150304
650444e62f;205;4;150304
0d386a5225;205;1;150304
21556a0372;205;2;150304
dd4d1219a0;203;3;150304
1e9704b50b;203;3;150304
5154a116a5;202;4;150304
cc6e8288a2;202;3;150304
254df7356d;202;4;150304
4c2be823c5;202;1;150304
9e5e96bedf;202;4;150304
386182048f;201;1;150304
336f03b270;201;1;150304
f0c9db5d3a;201;1;150304
a6df42d8fd;200;5;150304
e45c38a724;199;2;150304
2a40a0b26b;199;5;150304
8360d9ca75;199;4;150304
d39bef475f;199;3;150304
08a102c484;199;2;150304
5bbac1f235;198;5;150304
1f542b3211;197;4;150304
0a37fbb928;197;6;150304
277ab847e5;195;3;150304
fc0adb59de;195;3;150304
b51ff93cd4;195;7;150304
49f6389436;195;3;150304
021264e2cf;195;2;150304
d33ab9f50e;195;3;150304
85cb896043;195;4;150304
f5f1a87343;194;3;150304
519cfaa6b9;194;4;150304
3f67a15266;194;1;150304
e63b5ba8e9;193;1;150304
29207f12eb;192;1;150304
816ceaf13c;192;5;150304
b824b9bcbb;191;4;150304
6dfa5b3b28;191;6;150304
c2ab3169a6;190;5;150304
8f770ea081;190;1;150304
2cd9357766;189;1;150304
1141e49002;189;6;150304
763ee851fd;188;3;150304
a9e17af5a9;188;3;150304
48fa058162;188;1;150304
95f1a2e8fa;188;3;150304
23fb949e8d;187;1;150304
a55c0b2511;186;5;150304
dcf56e2401;185;4;150304
bfb68a295b;185;3;150304
e822668721;184;4;150304
3e4fb21993;184;1;150304
6fb2fe7869;184;2;150304
18782e5dbb;183;2;150304
565d274d3c;182;3;150304
bcdf0276fb;182;3;150304
698a39be43;181;1;150304
2be7ead7f5;181;1;150304
31ac722fdf;180;2;150304
e947304da8;180;2;150304
bca47514ec;180;3;150304
5e330c8730;178;2;150304
ba412fb708;177;3;150304
4ce32cbc76;177;5;150304
24569e5805;177;1;150304
40ce240038;176;3;150304
29288ec604;176;2;150304
05a922a41c;176;3;150304
39463de489;176;1;150304
06013bd400;174;4;150304
0d8986ba76;173;3;150304
2f9356c72e;173;4;150304
9714f33f3e;172;1;150304
99459d9173;171;5;150304
a1b3f9f20f;171;1;150304
9457b7f1ed;171;5;150304
60d9c48645;170;5;150304
e6fae14bea;169;3;150304
74d925febd;168;2;150304
90e0a7c3ce;167;5;150304
53144c6c4b;167;4;150304
d009a080e6;167;5;150304
11a61a2010;166;4;150304
62c0ae3190;163;2;150304
2c91423793;163;5;150304
254342eca4;163;2;150304
60b3196d83;162;1;150304
c73c8bc109;162;3;150304
648a83b494;161;1;150304
81071c4102;160;4;150304
57cfcb8732;159;5;150304
5366b8df7f;159;6;150304
28bf5ba7d4;158;1;150304
6b5b213aa1;158;1;150304
d369be60bc;157;3;150304
ed34e42b3d;157;4;150304
b6054f8e15;156;5;150304
d02087d862;156;4;150304
32f7ff93e5;154;2;150304
2b9b4de085;153;4;150304
952e08a89d;153;3;150304
a739bdef83;153;4;150304
f6c959c68b;152;2;150304
af8ced1348;152;5;150304
5110ddb98f;151;3;150304
36c3f97784;149;2;150304
1176aae0e0;145;2;150304
9caaf2a8ea;145;1;150304
1e0b0a92fd;145;2;150304
3ff87d6900;142;4;150304
1a1a16aa40;139;2;150304
24092ac219;134;4;150304
7e288c4b34;134;5;150304
b0b8abf04d;364;1;070301
e34e8f226e;350;1;070301
934bf956eb;349;2;070301
01b91c2237;346;1;070301
569cd02274;342;1;070301
8fff1f4639;335;1;070301
aa5b925b7d;335;1;070301
1692b8ea89;334;1;070301
5adfd07d26;329;1;070301
bf7f78715e;329;2;070301
4e4d6f5b4a;329;2;070301
a08d342082;327;1;070301
04610c4cc7;325;1;070301
97905f7d44;323;1;070301
64b54ba907;322;1;070301
5852a6071c;316;2;070301
60d28e397b;315;2;070301
71c93b219c;313;2;070301
0c1d665ac1;313;5;070301
e57f29ffe6;311;1;070301
4e903b7cff;309;1;070301
4b4264424f;307;2;070301
a972ff002f;307;1;070301
41c045646f;305;1;070301
c7d1930891;305;1;070301
806a3d5bd6;304;1;070301
a7e13d6ecd;304;2;070301
f1f1e0e2ef;303;1;070301
428cd5f7c4;299;1;070301
1f0f79cb2c;298;1;070301
6073314f8b;298;1;070301
0e21793b7d;298;1;070301
7b79b13de9;298;1;070301
bd1feff24d;295;1;070301
9fe37632d9;293;1;070301
0571e73d60;292;1;070301
0b759712e5;292;2;070301
e89050ffef;292;1;070301
747e1673f1;291;1;070301
5435307ee3;291;1;070301
d9f83badb2;289;2;070301
dae2922852;289;2;070301
9d5801cc52;288;1;070301
f621f24077;284;2;070301
bd7ff5e9e2;282;1;070301
46146d6ced;279;2;070301
ec5171c703;279;1;070301
acab8944b2;277;1;070301
f2e8307bcb;274;2;070301
f51faa3844;274;1;070301
0e987144af;273;1;070301
c0678dc8f5;272;2;070301
a7c0d83748;272;1;070301
39ad197339;270;1;070301
3e6bb77efa;267;1;070301
11a40945ca;267;2;070301
aca3b95f0d;267;1;070301
89f7d1e9dc;267;1;070301
b5e5b3f94f;265;2;070301
3f899f1e17;265;2;070301
d1a102fe1f;263;2;070301
dcf10c96d5;263;1;070301
923ae76f73;259;1;070301
18981990c5;252;1;070301
0f998da50f;251;1;070301
2a2ddb069c;249;1;070301
a0a14edc08;246;1;070301
193ed47783;245;1;070301
96caa0e65f;245;1;070301
b4a6695ccf;244;2;070301
2f25b834a8;243;2;070301
70e92b5b79;240;1;070301
034c9baec9;238;1;070301
0595f9b502;233;1;070301
c978862bca;232;1;070301
077d338f67;230;1;070301
c9df78681f;230;1;070301
1ac718a69b;226;1;070301
a28318e42c;223;1;070301
39f131d6eb;222;2;070301
2b2066babb;219;1;070301
fe21a49680;218;2;070301
51550e539e;215;1;070301
69e6a27737;214;2;070301
0ac2e51890;210;1;070301
a739bdef83;209;2;070301
05b61d1855;208;1;070301
fc9802010e;204;1;070301
d00459b2d2;204;1;070301
1344d368ad;203;3;070301
ff565e94fe;202;1;070301
c600d60b94;200;3;070301
7f8960546d;191;1;070301
12bbb927ed;295;3;380305
a42a3f6f7d;288;3;380305
1e79bbb096;278;4;380305
72c2b37cc2;277;3;380305
637e9599cc;267;1;380305
ebb1c99241;265;1;380305
9493cfbaf6;265;3;380305
5fbb4adde2;265;4;380305
aeed774f2f;262;4;380305
0e987144af;262;3;380305
0b8552f3e5;261;1;380305
2f49584e30;259;4;380305
b4a6695ccf;255;5;380305
aca3b95f0d;254;3;380305
54e46d5d30;253;3;380305
4228eab2f5;251;1;380305
edd6fbfa25;250;1;380305
ecb7d26d15;249;5;380305
5a698615ca;247;5;380305
041560c8e8;247;5;380305
d17190dbc3;247;5;380305
0d11796342;247;4;380305
9eb84c3cc5;246;1;380305
1bf5de4a2e;245;5;380305
abeb2dcc15;243;1;380305
868e64f1d1;242;4;380305
be740ebd0e;241;5;380305
e07b556475;240;3;380305
b7c47035ba;239;1;380305
0f0c9c9462;239;3;380305
4452c3aed7;238;1;380305
7a77040424;237;3;380305
f25fec3873;236;5;380305
d2f23cf1b5;235;1;380305
d1b4c0b1de;234;4;380305
d431821c70;234;4;380305
e2a9030a34;233;5;380305
0aaf60d09a;232;6;380305
87e03967a6;231;3;380305
30c220196d;230;1;380305
fcd8a9e152;229;4;380305
cabcbe0d8f;228;3;380305
ccecd66db5;228;4;380305
8efaf3800a;228;2;380305
fb0e3d8c10;227;4;380305
f2629dabff;226;4;380305
10a7a83273;226;4;380305
c4d300059d;225;3;380305
23650fc25f;224;1;380305
4dfc827e7d;224;3;380305
35e2fd7c1f;224;2;380305
82cbfc5ded;223;4;380305
a0bd821698;222;3;380305
e5bc0a2d2e;222;1;380305
ac16989451;220;6;380305
2b1bc2e817;218;3;380305
309c4075c9;217;4;380305
0c1d665ac1;217;4;380305
91e7d12ca7;217;1;380305
e885d4b974;214;4;380305
63d88ed932;214;5;380305
f925146daa;213;4;380305
419ad7b95b;213;3;380305
1f248dbf65;212;4;380305
27daeab669;211;5;380305
48661bfc8b;211;2;380305
050cae9903;211;4;380305
650444e62f;205;5;380305
024111840e;205;4;380305
f95472edf3;202;5;380305
f075d569a8;201;2;380305
06ed736964;200;4;380305
d7c8617172;197;3;380305
b51ff93cd4;195;6;380305
d60468cc9d;194;1;380305
85666fbb5d;194;2;380305
bcdf0276fb;191;5;380305
9dbe7de814;190;1;380305
b30a58000b;189;1;380305
d5e0523daf;188;3;380305
d8ae34e417;183;2;380305
26323b56c8;182;1;380305
826f7c23c6;181;1;380305
76ea109980;179;2;380305
c1dfb961c4;176;2;380305
3daf447e16;175;3;380305
b48b3d3a77;163;1;380305
60b3196d83;162;2;380305
c9f7f374b5;160;5;380305
0fe58e3b67;157;2;380305
b6054f8e15;156;2;380305
accc34f550;143;1;380305
b0b8abf04d;364;2;070304
e34e8f226e;350;2;070304
934bf956eb;349;3;070304
01b91c2237;346;3;070304
569cd02274;342;3;070304
8fff1f4639;335;3;070304
aa5b925b7d;335;3;070304
1692b8ea89;334;2;070304
5adfd07d26;329;3;070304
bf7f78715e;329;3;070304
4e4d6f5b4a;329;3;070304
a08d342082;327;2;070304
04610c4cc7;325;2;070304
97905f7d44;323;3;070304
64b54ba907;322;2;070304
5852a6071c;316;3;070304
60d28e397b;315;1;070304
71c93b219c;313;3;070304
e57f29ffe6;311;3;070304
4e903b7cff;309;3;070304
4b4264424f;307;3;070304
a972ff002f;307;3;070304
41c045646f;305;2;070304
c7d1930891;305;2;070304
806a3d5bd6;304;2;070304
a7e13d6ecd;304;3;070304
f1f1e0e2ef;303;3;070304
428cd5f7c4;299;3;070304
1f0f79cb2c;298;3;070304
6073314f8b;298;3;070304
0e21793b7d;298;2;070304
7b79b13de9;298;3;070304
bd1feff24d;295;3;070304
9fe37632d9;293;3;070304
0571e73d60;292;3;070304
0b759712e5;292;3;070304
747e1673f1;291;3;070304
5435307ee3;291;3;070304
d9f83badb2;289;3;070304
dae2922852;289;3;070304
9d5801cc52;288;3;070304
f621f24077;284;3;070304
bd7ff5e9e2;282;2;070304
46146d6ced;279;3;070304
ec5171c703;279;3;070304
acab8944b2;277;3;070304
f2e8307bcb;274;1;070304
f51faa3844;274;2;070304
0e987144af;273;2;070304
c0678dc8f5;272;1;070304
a7c0d83748;272;3;070304
39ad197339;270;2;070304
3e6bb77efa;267;3;070304
11a40945ca;267;3;070304
89f7d1e9dc;267;3;070304
3f899f1e17;265;1;070304
d1a102fe1f;263;3;070304
dcf10c96d5;263;2;070304
923ae76f73;259;3;070304
18981990c5;252;2;070304
0f998da50f;251;3;070304
2a2ddb069c;249;2;070304
a0a14edc08;246;3;070304
193ed47783;245;3;070304
96caa0e65f;245;2;070304
b4a6695ccf;244;3;070304
2f25b834a8;243;3;070304
70e92b5b79;240;2;070304
034c9baec9;238;3;070304
0595f9b502;233;3;070304
c978862bca;232;3;070304
c9df78681f;230;2;070304
1ac718a69b;226;2;070304
a28318e42c;223;3;070304
39f131d6eb;222;3;070304
2b2066babb;219;2;070304
fe21a49680;218;3;070304
51550e539e;215;3;070304
69e6a27737;214;3;070304
a739bdef83;209;3;070304
05b61d1855;208;3;070304
fc9802010e;204;2;070304
d00459b2d2;204;2;070304
1344d368ad;203;1;070304
ff565e94fe;202;3;070304
c600d60b94;200;2;070304
7f8960546d;191;3;070304
b0b8abf04d;364;3;070303
e34e8f226e;350;3;070303
934bf956eb;349;1;070303
01b91c2237;346;2;070303
569cd02274;342;2;070303
8fff1f4639;335;2;070303
aa5b925b7d;335;2;070303
1692b8ea89;334;3;070303
5adfd07d26;329;2;070303
bf7f78715e;329;1;070303
4e4d6f5b4a;329;1;070303
a08d342082;327;3;070303
04610c4cc7;325;3;070303
97905f7d44;323;2;070303
64b54ba907;322;3;070303
5852a6071c;316;1;070303
60d28e397b;315;3;070303
71c93b219c;313;1;070303
0c1d665ac1;313;1;070303
e57f29ffe6;311;2;070303
4e903b7cff;309;2;070303
4b4264424f;307;1;070303
a972ff002f;307;2;070303
41c045646f;305;3;070303
c7d1930891;305;3;070303
806a3d5bd6;304;3;070303
a7e13d6ecd;304;1;070303
f1f1e0e2ef;303;2;070303
428cd5f7c4;299;2;070303
1f0f79cb2c;298;2;070303
6073314f8b;298;2;070303
0e21793b7d;298;3;070303
7b79b13de9;298;2;070303
bd1feff24d;295;2;070303
9fe37632d9;293;2;070303
0b759712e5;292;1;070303
e89050ffef;292;2;070303
747e1673f1;291;2;070303
5435307ee3;291;2;070303
d9f83badb2;289;1;070303
dae2922852;289;1;070303
9d5801cc52;288;2;070303
f621f24077;284;1;070303
bd7ff5e9e2;282;3;070303
46146d6ced;279;1;070303
ec5171c703;279;2;070303
acab8944b2;277;2;070303
f2e8307bcb;274;3;070303
f51faa3844;274;3;070303
c0678dc8f5;272;3;070303
a7c0d83748;272;2;070303
3e6bb77efa;267;2;070303
11a40945ca;267;1;070303
aca3b95f0d;267;2;070303
89f7d1e9dc;267;2;070303
b5e5b3f94f;265;5;070303
3f899f1e17;265;3;070303
d1a102fe1f;263;1;070303
dcf10c96d5;263;3;070303
923ae76f73;259;2;070303
18981990c5;252;3;070303
0f998da50f;251;2;070303
2a2ddb069c;249;3;070303
a0a14edc08;246;2;070303
193ed47783;245;2;070303
96caa0e65f;245;3;070303
2f25b834a8;243;1;070303
70e92b5b79;240;3;070303
034c9baec9;238;2;070303
0595f9b502;233;2;070303
c978862bca;232;2;070303
077d338f67;230;2;070303
c9df78681f;230;3;070303
1ac718a69b;226;3;070303
a28318e42c;223;2;070303
39f131d6eb;222;1;070303
fe21a49680;218;1;070303
85666fbb5d;216;1;070303
51550e539e;215;2;070303
69e6a27737;214;1;070303
a739bdef83;209;1;070303
05b61d1855;208;2;070303
fc9802010e;204;3;070303
d00459b2d2;204;3;070303
1344d368ad;203;2;070303
ff565e94fe;202;2;070303
c600d60b94;200;1;070303
7f8960546d;191;2;070303
2f49584e30;259;5;380310
d9ab1c53eb;245;2;380310
30c220196d;230;2;380310
fd11ce9c5e;217;4;380310
39b90be22b;207;4;380310
0355b07023;201;2;380310
8d34faeaf7;192;2;380310
d5e0523daf;188;6;380310
384cd147f3;187;5;380310
c391987e5d;182;5;380310
abd5060ed7;147;1;380310
980fe0ce1d;146;2;380310
26487ea4d8;136;1;380310
1232834b6c;128;4;380310
c10c090471;127;5;380310
52e1f1fa45;127;1;380310
af481e2c08;127;1;380310
6895be20df;123;4;380310
adfc53a70c;290;2;090301
a42a3f6f7d;288;1;090301
8a50f3ab5a;286;3;090301
73ef24101e;284;1;090301
23d594f899;281;1;090301
a408da1159;278;2;090301
1e79bbb096;278;2;090301
72c2b37cc2;277;2;090301
d71e3fc995;275;2;090301
f0b5021dd1;271;2;090301
f76f7c2816;268;2;090301
793a5fcfca;268;2;090301
1a7019089f;266;2;090301
9493cfbaf6;265;2;090301
5fbb4adde2;265;3;090301
cdda7465bb;264;1;090301
3c076f4ae0;263;2;090301
5c28450971;263;1;090301
b6237248b8;262;2;090301
c27923433a;262;1;090301
aeed774f2f;262;2;090301
09e8838542;262;1;090301
22f5270bc6;260;3;090301
b0c8928803;259;2;090301
17e16d208a;258;2;090301
6b5f833854;258;2;090301
2f5c573e6c;258;2;090301
e677ac9fc4;256;1;090301
c15bf792cb;255;2;090301
d2a81a080f;255;2;090301
1b91eec272;255;2;090301
d892cc4f59;255;1;090301
e6ef96dd1d;255;2;090301
02cecf885d;255;2;090301
8801db5fa3;253;2;090301
e89600f6b6;253;2;090301
54e46d5d30;253;2;090301
ca8d4fcf05;253;2;090301
daae20e36c;252;2;090301
8fa01877ef;251;2;090301
7b017453a0;251;2;090301
2541756565;250;2;090301
ecb7d26d15;249;2;090301
b6005fbc0a;249;2;090301
5a698615ca;247;3;090301
041560c8e8;247;2;090301
2a0fcd2131;247;3;090301
869e4b4bd7;247;1;090301
d17190dbc3;247;2;090301
0d11796342;247;3;090301
9994f317a1;246;2;090301
99b726367b;245;2;090301
1bf5de4a2e;245;2;090301
995b5629fb;243;2;090301
a92f7fd84d;243;2;090301
abeb2dcc15;243;4;090301
8e6711342e;242;1;090301
871ad43704;242;2;090301
8536a8a6eb;242;1;090301
be740ebd0e;241;2;090301
b7b876160e;241;2;090301
3e3e9192b6;241;2;090301
68f9553464;241;1;090301
85f8b34bb1;241;2;090301
e07b556475;240;1;090301
91609f40e8;239;2;090301
b7c47035ba;239;5;090301
c1a683546d;239;2;090301
4e7cc64d3d;239;1;090301
868e64f1d1;239;2;090301
985053bc8f;238;2;090301
b175905c1e;237;2;090301
0b9fd86668;237;1;090301
7a77040424;237;2;090301
85b10b71c1;236;2;090301
5191fa69e9;236;2;090301
f25fec3873;236;2;090301
d11b0b488f;236;3;090301
d2f23cf1b5;235;3;090301
18c9b9a06d;235;2;090301
931b6b8665;235;1;090301
2145c6ff10;235;1;090301
22b924e1b8;235;5;090301
63b939f81b;235;1;090301
a0dd0e8dae;234;1;090301
d56b2b229f;234;2;090301
d431821c70;234;1;090301
3ac03c9bf1;234;2;090301
0f0c9c9462;234;2;090301
e2a9030a34;233;1;090301
c1aa52e71e;233;1;090301
1975668573;233;2;090301
218c273de0;233;2;090301
4d52ec6b4c;232;2;090301
4b16dba032;232;2;090301
0aaf60d09a;232;5;090301
fc8d170a1a;232;2;090301
0629c1bc41;231;1;090301
fcd8a9e152;229;1;090301
9eeb2dadd6;229;2;090301
9f3d9ccb6c;229;2;090301
bcb408c112;229;2;090301
2d0e3bb017;229;1;090301
9d137f3399;229;2;090301
ccecd66db5;228;2;090301
8efaf3800a;228;4;090301
989cedc0b1;228;1;090301
54aaaf1508;228;1;090301
fc5560fa1a;228;2;090301
fb0e3d8c10;227;1;090301
f2629dabff;226;2;090301
36cf44b735;226;1;090301
b0c2658a1b;226;2;090301
10a7a83273;226;2;090301
3e092e9fa6;226;1;090301
c4d300059d;225;2;090301
4cd6c26acd;225;1;090301
3715e8be1c;225;2;090301
4dfc827e7d;224;2;090301
35e2fd7c1f;224;4;090301
72e0f311f1;224;1;090301
d66dcd2727;224;1;090301
3da4f95f85;223;2;090301
82cbfc5ded;223;2;090301
8032a6f743;223;1;090301
a0bd821698;222;4;090301
5c84f3d3c9;222;1;090301
e5bc0a2d2e;222;5;090301
83ff926b07;221;2;090301
51474aff50;221;1;090301
18f42c8f82;221;2;090301
67d5d06f6b;221;1;090301
b4a6695ccf;221;4;090301
6d147ccf6c;221;1;090301
ac16989451;220;2;090301
d36d8a1718;220;1;090301
1097f04e87;220;1;090301
0fe14f6ba2;220;1;090301
74c0d7e6d6;219;2;090301
837ce8fc04;219;1;090301
49eee131be;219;2;090301
2b1bc2e817;218;1;090301
4b9d0501df;218;1;090301
ea3771c503;218;2;090301
222db424ff;217;2;090301
309c4075c9;217;1;090301
1cfae64e92;217;1;090301
91e7d12ca7;217;3;090301
4204a8f293;216;2;090301
28b63907c3;216;2;090301
82c4ded960;216;1;090301
f5a7cd142f;215;2;090301
7ca5fbdc08;215;1;090301
035d204417;214;3;090301
eaa8c52bb9;214;2;090301
e885d4b974;214;1;090301
24d32feaaa;214;3;090301
63d88ed932;214;1;090301
4159cb9453;214;1;090301
f925146daa;213;1;090301
e68ebac88c;213;1;090301
b99ae5e16e;213;1;090301
faac27303f;213;1;090301
f04b050dc1;213;5;090301
f31c0c46c9;212;3;090301
65e189dcf4;212;1;090301
dcdf55e1cd;212;1;090301
0c77384b3c;212;1;090301
1f248dbf65;212;1;090301
27daeab669;211;2;090301
873c8832f6;211;3;090301
48661bfc8b;211;3;090301
b613c006b7;211;1;090301
050cae9903;211;1;090301
2042ee8a9c;210;3;090301
c713898982;210;1;090301
2a70def790;209;2;090301
1037227fae;209;1;090301
837ecb8f9d;209;1;090301
83e94b750f;209;2;090301
4bad497073;209;1;090301
e4fe5756a5;208;1;090301
222aaf2ec9;208;1;090301
134523169c;208;1;090301
3c7b376283;207;1;090301
9cac06f628;207;2;090301
39fccfa80e;207;6;090301
32bc372d0f;207;1;090301
650444e62f;205;1;090301
024111840e;205;1;090301
0d386a5225;205;4;090301
f53579dfc3;204;1;090301
1e9704b50b;203;1;090301
f95472edf3;202;1;090301
5154a116a5;202;2;090301
490f18786e;202;1;090301
4c2be823c5;202;5;090301
386182048f;201;2;090301
854089cf8f;201;1;090301
d995ba6d51;201;2;090301
0889d3e368;201;1;090301
06ed736964;200;1;090301
a6df42d8fd;200;1;090301
2a40a0b26b;199;3;090301
0368f82032;198;1;090301
8041f248f8;198;1;090301
5bbac1f235;198;1;090301
1f542b3211;197;1;090301
dcd6eb6e3f;197;2;090301
5e785c1701;197;1;090301
d81641a613;196;1;090301
a462f21f68;196;1;090301
5752d1c63e;196;2;090301
8ae616a0fb;196;1;090301
277ab847e5;195;1;090301
fc0adb59de;195;1;090301
49f6389436;195;4;090301
021264e2cf;195;3;090301
d33ab9f50e;195;2;090301
f5f1a87343;194;2;090301
27ed3f95ef;194;3;090301
9bea155f9b;193;2;090301
e48d48cd57;192;1;090301
29207f12eb;192;2;090301
972c1dc7c1;192;2;090301
a286fd42d9;191;1;090301
b824b9bcbb;191;5;090301
c2ab3169a6;190;1;090301
7ba5ac6d4d;189;1;090301
44dd43369d;186;1;090301
d46ab7bcba;186;1;090301
1592267d47;186;3;090301
63dff01629;185;1;090301
ea6b7ff562;185;2;090301
3201e8b05c;184;1;090301
4b06809eb3;183;1;090301
d8ae34e417;183;3;090301
fd44ad624e;183;1;090301
86576bbd84;180;3;090301
eca9f0b77d;178;4;090301
ae168867aa;178;1;090301
5e330c8730;178;5;090301
279025c0df;178;3;090301
c4b0e76fa2;177;2;090301
2e75140042;176;3;090301
39463de489;176;2;090301
c1dfb961c4;176;3;090301
8f3bd6e696;175;6;090301
4b27034efa;175;1;090301
93b1f4ecf3;174;1;090301
0d8986ba76;173;2;090301
9457b7f1ed;171;6;090301
60d9c48645;170;1;090301
e6fae14bea;169;1;090301
13985edfa7;169;1;090301
fd31acb4c7;168;4;090301
689576b9f5;167;1;090301
53144c6c4b;167;2;090301
a523c33e26;167;2;090301
9c704cf9fe;165;1;090301
d9537a1807;163;3;090301
2c91423793;163;4;090301
c9f7f374b5;160;2;090301
46c6fb8678;160;1;090301
63355d62e2;160;5;090301
160481a2a5;160;2;090301
2fe7c886b5;157;3;090301
b6054f8e15;156;4;090301
ee448f9815;152;1;090301
36c3f97784;149;5;090301
a00a0a68b9;146;4;090301
7e288c4b34;134;1;090301
8a50f3ab5a;286;1;090302
72c2b37cc2;277;5;090302
f0b5021dd1;271;3;090302
5fbb4adde2;265;5;090302
aeed774f2f;262;5;090302
17e16d208a;258;4;090302
d892cc4f59;255;4;090302
e6ef96dd1d;255;4;090302
54e46d5d30;253;5;090302
8fa01877ef;251;3;090302
7b017453a0;251;3;090302
2541756565;250;4;090302
ecb7d26d15;249;3;090302
5a698615ca;247;4;090302
2a0fcd2131;247;4;090302
869e4b4bd7;247;3;090302
2217b6c4bc;246;3;090302
99b726367b;245;4;090302
1bf5de4a2e;245;4;090302
f8984848bd;244;1;090302
995b5629fb;243;3;090302
a92f7fd84d;243;3;090302
abeb2dcc15;243;3;090302
8536a8a6eb;242;3;090302
be740ebd0e;241;4;090302
85f8b34bb1;241;3;090302
4e7cc64d3d;239;3;090302
f25fec3873;236;3;090302
d11b0b488f;236;2;090302
931b6b8665;235;3;090302
0f0c9c9462;234;5;090302
1975668573;233;3;090302
4d52ec6b4c;232;3;090302
4b16dba032;232;3;090302
0aaf60d09a;232;4;090302
fc8d170a1a;232;4;090302
0629c1bc41;231;2;090302
fcd8a9e152;229;3;090302
9f3d9ccb6c;229;3;090302
bcb408c112;229;1;090302
8efaf3800a;228;5;090302
989cedc0b1;228;4;090302
fb0e3d8c10;227;2;090302
f2629dabff;226;5;090302
b0c2658a1b;226;4;090302
4cd6c26acd;225;3;090302
3715e8be1c;225;4;090302
35e2fd7c1f;224;3;090302
72e0f311f1;224;5;090302
d66dcd2727;224;3;090302
82cbfc5ded;223;1;090302
8032a6f743;223;3;090302
5c84f3d3c9;222;3;090302
83ff926b07;221;5;090302
51474aff50;221;2;090302
67d5d06f6b;221;3;090302
b4a6695ccf;221;1;090302
6d147ccf6c;221;3;090302
ac16989451;220;1;090302
d36d8a1718;220;2;090302
0fe14f6ba2;220;4;090302
b471abb99e;219;6;090302
74c0d7e6d6;219;5;090302
f51ee559b8;218;2;090302
4b9d0501df;218;5;090302
222db424ff;217;4;090302
309c4075c9;217;2;090302
1cfae64e92;217;2;090302
4204a8f293;216;3;090302
28b63907c3;216;4;090302
82c4ded960;216;5;090302
6cd0141437;215;3;090302
f5a7cd142f;215;5;090302
035d204417;214;5;090302
eaa8c52bb9;214;5;090302
e885d4b974;214;2;090302
63d88ed932;214;4;090302
4159cb9453;214;4;090302
f925146daa;213;5;090302
e68ebac88c;213;3;090302
b99ae5e16e;213;2;090302
faac27303f;213;3;090302
8059228239;213;1;090302
419ad7b95b;213;5;090302
30db6b3e08;213;3;090302
9ecebb1cc0;212;2;090302
65e189dcf4;212;3;090302
dcdf55e1cd;212;2;090302
1f248dbf65;212;2;090302
27daeab669;211;1;090302
6c9bd3ae9d;211;4;090302
48661bfc8b;211;4;090302
050cae9903;211;5;090302
c713898982;210;3;090302
e577c04b4d;210;3;090302
837ecb8f9d;209;2;090302
83e94b750f;209;1;090302
4bad497073;209;4;090302
222aaf2ec9;208;3;090302
134523169c;208;4;090302
9cac06f628;207;5;090302
78800123d2;206;1;090302
650444e62f;205;2;090302
024111840e;205;2;090302
1e9704b50b;203;4;090302
f95472edf3;202;4;090302
490f18786e;202;3;090302
854089cf8f;201;4;090302
f075d569a8;201;5;090302
b0b93a701e;200;5;090302
2a40a0b26b;199;2;090302
b08632e301;199;1;090302
c46dacbad7;199;6;090302
8041f248f8;198;4;090302
5bbac1f235;198;3;090302
81aa0a8c42;198;1;090302
1f542b3211;197;3;090302
d7c8617172;197;1;090302
5e785c1701;197;4;090302
0a37fbb928;197;2;090302
d81641a613;196;3;090302
a462f21f68;196;3;090302
5752d1c63e;196;4;090302
8ae616a0fb;196;2;090302
277ab847e5;195;5;090302
fc0adb59de;195;2;090302
b51ff93cd4;195;4;090302
021264e2cf;195;4;090302
9bea155f9b;193;1;090302
e48d48cd57;192;2;090302
95a2ce5ff7;192;1;090302
972c1dc7c1;192;4;090302
a286fd42d9;191;3;090302
6dfa5b3b28;191;3;090302
c2ab3169a6;190;3;090302
b30a58000b;189;2;090302
1141e49002;189;5;090302
763ee851fd;188;1;090302
a9e17af5a9;188;2;090302
44dd43369d;186;4;090302
d46ab7bcba;186;2;090302
1592267d47;186;1;090302
63dff01629;185;3;090302
e7a3e2f4f5;185;3;090302
60a143c122;185;1;090302
a6b21a0175;185;5;090302
6fb2fe7869;184;3;090302
4b06809eb3;183;3;090302
fd44ad624e;183;2;090302
86576bbd84;180;2;090302
76ea109980;179;1;090302
ae168867aa;178;4;090302
279025c0df;178;2;090302
2e75140042;176;4;090302
c1dfb961c4;176;4;090302
8f3bd6e696;175;1;090302
4b27034efa;175;3;090302
99459d9173;174;1;090302
cea2f28916;174;1;090302
e4912b32b0;173;4;090302
b698870f15;171;3;090302
712f41f2a2;170;1;090302
e6fae14bea;169;4;090302
e3c8193114;168;2;090302
53144c6c4b;167;5;090302
4b867964c1;166;3;090302
5eee0c32b4;163;1;090302
2c91423793;163;2;090302
63355d62e2;161;3;090302
a292f91e81;161;2;090302
7c8fbcffee;160;3;090302
c9f7f374b5;160;3;090302
4b49162753;160;3;090302
968cbf4f3b;159;5;090302
57cfcb8732;159;4;090302
2a9bd19a30;152;2;090302
f6ba03ccc4;124;5;090302
09e8838542;262;4;150305
ac3f57f7b1;252;1;150305
18c9b9a06d;235;5;150305
22b924e1b8;235;3;150305
dc154bb074;233;5;150305
000281b01b;229;3;150305
d1cde4444d;228;2;150305
baf5d4efcf;226;5;150305
7f84b84bbe;226;2;150305
d66dcd2727;224;4;150305
7be0763f2b;223;3;150305
37c6d30890;221;3;150305
d2baf564f5;221;1;150305
1097f04e87;220;4;150305
ba43175d98;217;3;150305
f81e7d9c38;215;3;150305
24d32feaaa;214;1;150305
f04b050dc1;213;3;150305
56d6030dd3;212;2;150305
d3ad69248c;212;5;150305
0c77384b3c;212;5;150305
b613c006b7;211;5;150305
39fccfa80e;207;8;150305
d46bed6dbe;207;4;150305
01878d50c9;207;3;150305
c67031d19e;206;4;150305
0d386a5225;205;3;150305
dd4d1219a0;203;5;150305
4c2be823c5;202;3;150305
9e5e96bedf;202;3;150305
336f03b270;201;3;150305
f0c9db5d3a;201;5;150305
e45c38a724;199;3;150305
08a102c484;199;4;150305
5bbac1f235;198;4;150305
11f203ddd6;197;4;150305
85cb896043;195;3;150305
18056c4834;194;1;150305
519cfaa6b9;194;3;150305
3f67a15266;194;3;150305
da86b7b5d0;193;2;150305
c41e805d80;191;3;150305
2cd9357766;189;3;150305
1141e49002;189;4;150305
48fa058162;188;2;150305
95f1a2e8fa;188;5;150305
6f13e7c1fb;187;3;150305
a55c0b2511;186;3;150305
e84dc49949;186;5;150305
ea6b7ff562;185;5;150305
e822668721;184;3;150305
3e4fb21993;184;4;150305
4c4bf4412f;181;4;150305
698a39be43;181;3;150305
2be7ead7f5;181;5;150305
31ac722fdf;180;1;150305
88cf8765e8;180;1;150305
e947304da8;180;4;150305
76ea109980;179;5;150305
ef1eb365b7;179;1;150305
c0b05c5b91;178;6;150305
b08a24bd9b;178;4;150305
5e330c8730;178;3;150305
ba412fb708;177;2;150305
24569e5805;177;5;150305
25aba3ad3f;177;4;150305
40ce240038;176;5;150305
05a922a41c;176;5;150305
1f680136a7;175;1;150305
95c6d2626d;174;5;150305
8cdb68ff47;173;1;150305
f1c6246dd2;173;2;150305
14488fee17;172;3;150305
9714f33f3e;172;2;150305
a1b3f9f20f;171;3;150305
703dbaafe8;170;4;150305
e6fae14bea;169;5;150305
74d925febd;168;4;150305
e3c8193114;168;3;150305
20938d8a04;168;1;150305
90e0a7c3ce;167;1;150305
9bf9997fc2;165;3;150305
9818524c82;164;2;150305
254342eca4;163;3;150305
c73c8bc109;162;4;150305
648a83b494;161;3;150305
fc64aebdcf;161;4;150305
4b49162753;160;5;150305
5366b8df7f;159;5;150305
d8cab72f4c;158;2;150305
d369be60bc;157;5;150305
11a1887b74;156;5;150305
d7b1682792;155;2;150305
341ed3d47a;154;2;150305
96256df3ac;154;1;150305
3651861ca8;153;2;150305
952e08a89d;153;2;150305
7cc97aa481;153;3;150305
f6c959c68b;152;3;150305
5110ddb98f;151;1;150305
36c3f97784;149;4;150305
9caaf2a8ea;145;3;150305
011ba6e3cc;145;1;150305
fa20f5ceca;144;5;150305
c0169d1731;144;3;150305
a6f37c3c0f;143;3;150305
0b1813265f;142;3;150305
166f559b20;140;5;150305
333cf75be6;140;2;150305
768b28eb48;140;2;150305
1a1a16aa40;139;3;150305
96c4347cc5;137;3;150305
0d1d6a7e8a;137;3;150305
7920fc4ee4;137;3;150305
4e3d281256;137;2;150305
45bf000fce;136;1;150305
24092ac219;134;1;150305
bb8e26653b;130;4;150305
39b90be22b;128;5;150305
aacb4e468e;260;4;220301
e677ac9fc4;256;4;220301
2294cb79ee;235;3;220301
dc154bb074;233;4;220301
add4b18cf3;231;4;220301
9d5bfb63b7;215;2;220301
d3ad69248c;212;4;220301
9ecebb1cc0;212;5;220301
69687777d9;209;5;220301
01878d50c9;207;2;220301
c67031d19e;206;5;220301
ab3f6653b9;195;5;220301
7f8be7f1b8;194;1;220301
24b06e8fa6;192;4;220301
29207f12eb;192;5;220301
8f770ea081;190;4;220301
805cfd50a3;189;2;220301
6f13e7c1fb;187;2;220301
22f034545d;187;2;220301
0f8c4226e9;186;2;220301
ac95a5f0ae;186;3;220301
ea6b7ff562;185;1;220301
baf449fb4e;185;3;220301
4c4bf4412f;181;2;220301
698a39be43;181;4;220301
bca47514ec;180;5;220301
226b61e8e6;178;3;220301
31117cf354;177;2;220301
25aba3ad3f;177;5;220301
172d319560;177;3;220301
1cee4dae51;176;4;220301
515b3d4269;175;1;220301
6ba54dd231;174;3;220301
45ba671116;174;3;220301
9714f33f3e;172;3;220301
4738f471e0;172;5;220301
d1fc7952e7;169;4;220301
1292a9ea6f;168;3;220301
d009a080e6;167;2;220301
9bf9997fc2;165;2;220301
b3f030da65;165;4;220301
9693f3d8b0;164;3;220301
6990bdc3e9;162;4;220301
648a83b494;161;4;220301
57cfcb8732;159;3;220301
7c97a32463;159;4;220301
21b763dcea;157;1;220301
11a1887b74;156;4;220301
6561934ec5;155;5;220301
1352aa2b92;153;3;220301
7cc97aa481;153;4;220301
ee448f9815;152;4;220301
84f04898cd;152;1;220301
41eceaa4e8;148;5;220301
11a9cb02ed;148;1;220301
0b1c1ab62e;145;5;220301
07dd1e04b0;143;3;220301
a6f37c3c0f;143;4;220301
3ff87d6900;142;7;220301
9bc13f521f;141;5;220301
4986cd76d8;141;5;220301
82e5bd582e;140;5;220301
768b28eb48;140;5;220301
e5ae5bd4b4;139;1;220301
4e3d281256;137;4;220301
45bf000fce;136;3;220301
d852e32783;136;5;220301
24092ac219;134;2;220301
3a26d3a4af;132;3;220301
28a0180b0f;130;4;220301
889eab15f6;130;5;220301
b803e2f7c6;130;4;220301
531d6d46cf;130;5;220301
f73e8a2b4a;128;3;220301
e21b60a366;126;4;220301
1a810d2e5a;118;5;220301
aacb4e468e;260;1;150301
dc154bb074;233;1;150301
a660aa962f;233;3;150301
add4b18cf3;231;1;150301
214b040e7a;221;4;150301
d3ad69248c;212;1;150301
c46dacbad7;199;4;150301
80980c2400;195;2;150301
703a7538ee;194;4;150301
816ceaf13c;192;4;150301
6f13e7c1fb;187;4;150301
22f034545d;187;4;150301
e1f3b67289;187;4;150301
0f8c4226e9;186;6;150301
ac95a5f0ae;186;5;150301
baf449fb4e;185;4;150301
1a132ca5f2;184;1;150301
226b61e8e6;178;2;150301
279025c0df;178;5;150301
39463de489;176;3;150301
ce3876bdd9;175;3;150301
4b27034efa;175;5;150301
2efb554f92;175;4;150301
45ba671116;174;1;150301
4738f471e0;172;2;150301
d1fc7952e7;169;1;150301
1292a9ea6f;168;2;150301
e8d9b8f90c;166;2;150301
b3f030da65;165;3;150301
6990bdc3e9;162;1;150301
21b763dcea;157;3;150301
11a1887b74;156;1;150301
a9dc65b4f7;155;2;150301
6561934ec5;155;4;150301
d7b1682792;155;5;150301
e24e66c77e;155;5;150301
1352aa2b92;153;5;150301
1a969f6d29;151;7;150301
41eceaa4e8;148;1;150301
f435a0c7c0;147;5;150301
0b1c1ab62e;145;2;150301
011ba6e3cc;145;5;150301
66821d462e;143;2;150301
1634afaca8;143;5;150301
3ff87d6900;142;5;150301
4986cd76d8;141;1;150301
82e5bd582e;140;2;150301
e5ae5bd4b4;139;4;150301
d852e32783;136;2;150301
3a26d3a4af;132;2;150301
28a0180b0f;130;3;150301
889eab15f6;130;3;150301
b803e2f7c6;130;3;150301
531d6d46cf;130;2;150301
f73e8a2b4a;128;2;150301
e21b60a366;126;2;150301
1a810d2e5a;118;2;150301
aacb4e468e;260;3;150301
e677ac9fc4;256;5;150301
2294cb79ee;235;1;150301
dc154bb074;233;3;150301
add4b18cf3;231;2;150301
d83ea08790;226;5;150301
37c6d30890;221;4;150301
d2baf564f5;221;2;150301
214b040e7a;221;5;150301
407106e276;219;2;150301
0dc9b28855;213;5;150301
d3ad69248c;212;3;150301
2042ee8a9c;210;1;150301
06e0121ea3;209;2;150301
a7b54e94c3;207;2;150301
c67031d19e;206;3;150301
03d0814e8c;201;1;150301
c46dacbad7;199;5;150301
11f203ddd6;197;2;150301
80980c2400;195;1;150301
7f8be7f1b8;194;2;150301
c41e805d80;191;5;150301
6ed2bef60a;190;1;150301
8f770ea081;190;3;150301
005d19ba16;188;5;150301
22f034545d;187;1;150301
e1f3b67289;187;1;150301
9095310dfc;186;5;150301
ac95a5f0ae;186;4;150301
bfb68a295b;185;1;150301
3e4fb21993;184;3;150301
1f30192246;183;5;150301
bcdf0276fb;182;2;150301
698a39be43;181;5;150301
88cf8765e8;180;5;150301
ef1eb365b7;179;5;150301
25f51b0c78;179;4;150301
226b61e8e6;178;1;150301
3d375b10ce;178;4;150301
31117cf354;177;3;150301
1cee4dae51;176;1;150301
b8a5dde90a;175;4;150301
4738f471e0;172;3;150301
a1b3f9f20f;171;5;150301
60d9c48645;170;3;150301
eb63d39540;169;5;150301
d1fc7952e7;169;2;150301
1292a9ea6f;168;1;150301
3ac3507824;168;2;150301
d009a080e6;167;3;150301
e8d9b8f90c;166;1;150301
9bf9997fc2;165;1;150301
b3f030da65;165;2;150301
9693f3d8b0;164;1;150301
d9537a1807;163;4;150301
6990bdc3e9;162;2;150301
e2a54d21d4;162;5;150301
4b49162753;160;2;150301
d569631361;158;1;150301
6b5b213aa1;158;3;150301
715c9bc4e8;157;2;150301
10c67b334f;157;1;150301
21b763dcea;157;2;150301
11a1887b74;156;2;150301
6561934ec5;155;3;150301
d7b1682792;155;4;150301
1352aa2b92;153;4;150301
7cc97aa481;153;5;150301
af8ced1348;152;2;150301
700d013ad3;152;2;150301
84f04898cd;152;2;150301
1a969f6d29;151;3;150301
41eceaa4e8;148;2;150301
11a9cb02ed;148;2;150301
f435a0c7c0;147;3;150301
6f6177a7ec;145;5;150301
0b1c1ab62e;145;3;150301
fa20f5ceca;144;4;150301
07dd1e04b0;143;2;150301
3ff87d6900;142;1;150301
9bc13f521f;141;3;150301
4986cd76d8;141;4;150301
82e5bd582e;140;3;150301
166f559b20;140;4;150301
333cf75be6;140;5;150301
0956f6e29b;140;1;150301
768b28eb48;140;4;150301
e5ae5bd4b4;139;3;150301
d852e32783;136;3;150301
1c28197cb0;134;2;150301
3a26d3a4af;132;1;150301
28a0180b0f;130;2;150301
889eab15f6;130;1;150301
b803e2f7c6;130;2;150301
531d6d46cf;130;3;150301
cda26a6158;130;2;150301
f73e8a2b4a;128;1;150301
e21b60a366;126;3;150301
1a810d2e5a;118;3;150301
12bbb927ed;295;2;380302
ac5fb86a58;281;2;380302
637e9599cc;267;3;380302
ebb1c99241;265;3;380302
0b8552f3e5;261;3;380302
2f49584e30;259;2;380302
f16935d19f;256;2;380302
bd90d4f1c9;255;1;380302
951f84d1d0;252;1;380302
60d28e397b;250;5;380302
9eb84c3cc5;246;3;380302
3f5eeffa0d;246;2;380302
234934686f;242;4;380302
4e7cc64d3d;242;4;380302
019c9ef3b7;240;2;380302
b7c47035ba;239;3;380302
4452c3aed7;238;2;380302
21556a0372;237;4;380302
8c7bdfa99f;236;1;380302
d11b0b488f;236;1;380302
d1b4c0b1de;234;1;380302
20b77ff6a9;234;2;380302
87e03967a6;231;1;380302
30c220196d;230;3;380302
cabcbe0d8f;228;2;380302
e65c3b40e9;226;1;380302
09913e3e58;226;2;380302
23650fc25f;224;3;380302
e5bc0a2d2e;222;3;380302
6d21d1e75b;218;3;380302
fd11ce9c5e;217;1;380302
0c1d665ac1;217;3;380302
7ca5fbdc08;216;3;380302
b7ed91ab8f;215;1;380302
fcd40566fe;213;2;380302
419ad7b95b;213;1;380302
9dab65861e;210;1;380302
f39b7d61ea;208;1;380302
01878d50c9;206;5;380302
dcf10c96d5;204;5;380302
f075d569a8;201;3;380302
29d9200d54;195;1;380302
021264e2cf;195;1;380302
714cd0bc5d;193;2;380302
d5e0523daf;188;5;380302
92f5986a68;187;2;380302
c426d1af04;185;1;380302
26323b56c8;182;2;380302
4672946585;182;2;380302
826f7c23c6;181;5;380302
c9530743c8;181;1;380302
6682a9ad03;180;1;380302
083dc47e72;178;1;380302
83c5e0e9e5;177;2;380302
bf52811974;177;2;380302
3daf447e16;175;1;380302
7745a67431;174;2;380302
2f10c3f286;168;2;380302
0fe58e3b67;157;4;380302
9d1db517c0;150;2;380302
1c28197cb0;134;5;380302
cdda7465bb;264;2;220302
aacb4e468e;260;2;220302
dc154bb074;252;2;220302
8536a8a6eb;242;5;220302
2294cb79ee;235;2;220302
38ef884451;232;2;220302
3a3eea2bcc;232;4;220302
add4b18cf3;231;3;220302
d83ea08790;226;4;220302
7be0763f2b;223;5;220302
6d147ccf6c;221;5;220302
ba43175d98;217;4;220302
471b92cb7c;216;5;220302
9d5bfb63b7;215;1;220302
d3ad69248c;212;2;220302
a7b54e94c3;207;1;220302
fecae81a3b;205;5;220302
11b14d6412;204;1;220302
254df7356d;202;5;220302
136a9b2951;196;4;220302
f5f1a87343;194;5;220302
7f8be7f1b8;194;3;220302
95a2ce5ff7;192;4;220302
816ceaf13c;192;3;220302
f8576c92f3;191;5;220302
6ed2bef60a;190;2;220302
6f13e7c1fb;187;1;220302
22f034545d;187;3;220302
0f8c4226e9;186;4;220302
60a143c122;185;5;220302
f385dfba06;185;1;220302
1a132ca5f2;184;2;220302
1d5ef9e6a5;183;2;220302
d8ae34e417;183;5;220302
1f30192246;183;4;220302
c391987e5d;180;4;220302
25f51b0c78;179;3;220302
226b61e8e6;178;4;220302
31117cf354;177;1;220302
172d319560;177;6;220302
1cee4dae51;176;3;220302
b8a5dde90a;175;2;220302
2efb554f92;175;5;220302
45ba671116;174;2;220302
420fc031a6;173;3;220302
4738f471e0;172;4;220302
f87366615c;171;1;220302
5806b5fe22;171;4;220302
be657cd798;170;4;220302
60d9c48645;170;4;220302
eb63d39540;169;4;220302
d1fc7952e7;169;3;220302
1292a9ea6f;168;4;220302
4b867964c1;166;5;220302
e8d9b8f90c;166;3;220302
9bf9997fc2;165;4;220302
b3f030da65;165;1;220302
9693f3d8b0;164;2;220302
6990bdc3e9;162;3;220302
648a83b494;161;5;220302
fc64aebdcf;161;5;220302
fb44c86fa8;161;2;220302
81071c4102;160;5;220302
490c3c5a33;160;5;220302
e5be0ec373;159;1;220302
d569631361;158;3;220302
715c9bc4e8;157;3;220302
21b763dcea;157;4;220302
11a1887b74;156;3;220302
a9dc65b4f7;155;1;220302
1352aa2b92;153;2;220302
84f04898cd;152;3;220302
1a969f6d29;151;5;220302
2bf5a3a57d;151;3;220302
851cd8b251;149;3;220302
41eceaa4e8;148;3;220302
11a9cb02ed;148;3;220302
0b1c1ab62e;145;4;220302
1e0b0a92fd;145;1;220302
011ba6e3cc;145;4;220302
07dd1e04b0;143;1;220302
66821d462e;143;1;220302
3ff87d6900;142;6;220302
9bc13f521f;141;4;220302
4986cd76d8;141;2;220302
82e5bd582e;140;4;220302
52bf375df3;137;3;220302
0d1d6a7e8a;137;1;220302
45bf000fce;136;4;220302
d852e32783;136;4;220302
d0ebe3ee64;136;1;220302
f913b0302d;135;5;220302
24092ac219;134;3;220302
28a0180b0f;130;1;220302
889eab15f6;130;2;220302
b803e2f7c6;130;1;220302
531d6d46cf;130;4;220302
cda26a6158;130;1;220302
e21b60a366;126;1;220302
07c8d720f3;123;1;220302
54d4a82c33;119;5;220302
1a810d2e5a;118;4;220302
9493cfbaf6;265;4;120301
c27923433a;262;2;120301
2f5c573e6c;258;4;120301
e677ac9fc4;256;3;120301
1b91eec272;255;3;120301
d892cc4f59;255;3;120301
7b017453a0;251;4;120301
2541756565;250;5;120301
d2379b35fd;250;2;120301
b6005fbc0a;249;4;120301
041560c8e8;247;3;120301
9994f317a1;246;3;120301
99b726367b;245;5;120301
8e6711342e;242;3;120301
871ad43704;242;3;120301
b7b876160e;241;4;120301
c1a683546d;239;3;120301
868e64f1d1;239;3;120301
18c9b9a06d;235;4;120301
931b6b8665;235;4;120301
2145c6ff10;235;2;120301
22b924e1b8;235;4;120301
d56b2b229f;234;3;120301
1975668573;233;5;120301
218c273de0;233;5;120301
6e2b7ca884;233;3;120301
0629c1bc41;231;3;120301
9f3d9ccb6c;229;5;120301
2d0e3bb017;229;5;120301
989cedc0b1;228;5;120301
36cf44b735;226;4;120301
3e092e9fa6;226;3;120301
3715e8be1c;225;3;120301
4dfc827e7d;224;5;120301
72e0f311f1;224;3;120301
d66dcd2727;224;2;120301
3da4f95f85;223;3;120301
a0bd821698;222;2;120301
18f42c8f82;221;3;120301
1097f04e87;220;5;120301
74c0d7e6d6;219;3;120301
407106e276;219;3;120301
4b9d0501df;218;4;120301
ea3771c503;218;3;120301
222db424ff;217;3;120301
1cfae64e92;217;5;120301
28b63907c3;216;5;120301
b003e70b0b;216;1;120301
82c4ded960;216;4;120301
e885d4b974;214;5;120301
b99ae5e16e;213;4;120301
faac27303f;213;4;120301
30db6b3e08;213;5;120301
dcdf55e1cd;212;5;120301
b613c006b7;211;2;120301
050cae9903;211;2;120301
2042ee8a9c;210;2;120301
e577c04b4d;210;2;120301
2a70def790;209;5;120301
1037227fae;209;2;120301
837ecb8f9d;209;4;120301
4bad497073;209;5;120301
e4fe5756a5;208;3;120301
222aaf2ec9;208;5;120301
134523169c;208;2;120301
b1527f4b9d;208;3;120301
3c7b376283;207;4;120301
9cac06f628;207;4;120301
32bc372d0f;207;5;120301
0d386a5225;205;5;120301
f53579dfc3;204;2;120301
5154a116a5;202;3;120301
cc6e8288a2;202;4;120301
4c2be823c5;202;4;120301
386182048f;201;3;120301
854089cf8f;201;3;120301
f0c9db5d3a;201;2;120301
06ed736964;200;2;120301
a6df42d8fd;200;2;120301
1f542b3211;197;2;120301
5e785c1701;197;2;120301
5752d1c63e;196;1;120301
8ae616a0fb;196;4;120301
277ab847e5;195;2;120301
fc0adb59de;195;4;120301
49f6389436;195;1;120301
d33ab9f50e;195;4;120301
f5f1a87343;194;1;120301
95a2ce5ff7;192;2;120301
a286fd42d9;191;2;120301
7ba5ac6d4d;189;2;120301
763ee851fd;188;2;120301
a9e17af5a9;188;1;120301
e84dc49949;186;3;120301
d46ab7bcba;186;3;120301
9095310dfc;186;1;120301
63dff01629;185;2;120301
ea6b7ff562;185;3;120301
e7a3e2f4f5;185;1;120301
60a143c122;185;2;120301
3e4fb21993;184;2;120301
6fb2fe7869;184;1;120301
d8ae34e417;183;4;120301
fd44ad624e;183;4;120301
8ebbe3b86a;180;5;120301
bca47514ec;180;2;120301
c5a2d0ecee;179;3;120301
eca9f0b77d;178;5;120301
ae168867aa;178;2;120301
5e330c8730;178;4;120301
24569e5805;177;4;120301
25aba3ad3f;177;2;120301
40ce240038;176;2;120301
29288ec604;176;4;120301
2e75140042;176;5;120301
2efb554f92;175;3;120301
6ba54dd231;174;1;120301
2f9356c72e;173;3;120301
9714f33f3e;172;5;120301
eb63d39540;169;2;120301
fd31acb4c7;168;5;120301
689576b9f5;167;4;120301
a523c33e26;167;3;120301
4b867964c1;166;2;120301
d9537a1807;163;1;120301
c73c8bc109;162;5;120301
fc64aebdcf;161;1;120301
1471b8e37d;161;2;120301
57cfcb8732;159;2;120301
2fe7c886b5;157;4;120301
ed34e42b3d;157;1;120301
30136543bf;155;2;120301
341ed3d47a;154;4;120301
1a969f6d29;151;1;120301
1634afaca8;143;1;120301
12bbb927ed;295;4;090303
73ef24101e;284;3;090303
1e79bbb096;278;3;090303
72c2b37cc2;277;4;090303
f0b5021dd1;271;4;090303
1a7019089f;266;3;090303
5fbb4adde2;265;2;090303
b6237248b8;262;3;090303
aeed774f2f;262;3;090303
09e8838542;262;2;090303
22f5270bc6;260;2;090303
b0c8928803;259;3;090303
17e16d208a;258;3;090303
0123f24b3f;256;1;090303
c15bf792cb;255;1;090303
e6ef96dd1d;255;3;090303
02cecf885d;255;3;090303
8801db5fa3;253;4;090303
54e46d5d30;253;4;090303
ca8d4fcf05;253;3;090303
4228eab2f5;251;2;090303
8fa01877ef;251;4;090303
2541756565;250;3;090303
ecb7d26d15;249;4;090303
5a698615ca;247;2;090303
041560c8e8;247;4;090303
869e4b4bd7;247;4;090303
d17190dbc3;247;4;090303
0d11796342;247;1;090303
99b726367b;245;3;090303
1bf5de4a2e;245;3;090303
995b5629fb;243;5;090303
a92f7fd84d;243;4;090303
abeb2dcc15;243;2;090303
be740ebd0e;241;3;090303
3e3e9192b6;241;3;090303
68f9553464;241;3;090303
85f8b34bb1;241;4;090303
e07b556475;240;2;090303
b7c47035ba;239;2;090303
c1a683546d;239;4;090303
4452c3aed7;238;3;090303
b175905c1e;237;1;090303
0b9fd86668;237;2;090303
7a77040424;237;4;090303
85b10b71c1;236;4;090303
f25fec3873;236;4;090303
d11b0b488f;236;4;090303
d2f23cf1b5;235;2;090303
d1b4c0b1de;234;3;090303
d56b2b229f;234;4;090303
d431821c70;234;3;090303
0f0c9c9462;234;4;090303
c1aa52e71e;233;3;090303
1975668573;233;4;090303
4d52ec6b4c;232;4;090303
0aaf60d09a;232;3;090303
fc8d170a1a;232;3;090303
4c474de6f1;232;1;090303
9f3d9ccb6c;229;4;090303
2d0e3bb017;229;4;090303
ccecd66db5;228;3;090303
8efaf3800a;228;3;090303
989cedc0b1;228;3;090303
54aaaf1508;228;3;090303
fb0e3d8c10;227;3;090303
f2629dabff;226;3;090303
b0c2658a1b;226;3;090303
10a7a83273;226;3;090303
c4d300059d;225;4;090303
5d18f2a212;224;2;090303
4dfc827e7d;224;4;090303
35e2fd7c1f;224;1;090303
3da4f95f85;223;4;090303
82cbfc5ded;223;5;090303
8032a6f743;223;4;090303
a0bd821698;222;1;090303
5c84f3d3c9;222;2;090303
e5bc0a2d2e;222;2;090303
51474aff50;221;3;090303
18f42c8f82;221;4;090303
ac16989451;220;3;090303
0fe14f6ba2;220;3;090303
74c0d7e6d6;219;4;090303
4b9d0501df;218;2;090303
ea3771c503;218;4;090303
222db424ff;217;5;090303
309c4075c9;217;5;090303
1cfae64e92;217;3;090303
4204a8f293;216;4;090303
28b63907c3;216;3;090303
f5a7cd142f;215;3;090303
7ca5fbdc08;215;2;090303
eaa8c52bb9;214;6;090303
e885d4b974;214;3;090303
63d88ed932;214;3;090303
f925146daa;213;3;090303
e68ebac88c;213;2;090303
b99ae5e16e;213;5;090303
8059228239;213;2;090303
419ad7b95b;213;4;090303
56d6030dd3;212;3;090303
9ecebb1cc0;212;1;090303
65e189dcf4;212;4;090303
0c77384b3c;212;2;090303
1f248dbf65;212;3;090303
27daeab669;211;4;090303
873c8832f6;211;4;090303
48661bfc8b;211;1;090303
050cae9903;211;3;090303
2042ee8a9c;210;4;090303
c713898982;210;2;090303
2a70def790;209;3;090303
1037227fae;209;3;090303
837ecb8f9d;209;3;090303
4bad497073;209;3;090303
222aaf2ec9;208;4;090303
134523169c;208;3;090303
3c7b376283;207;3;090303
9cac06f628;207;3;090303
32bc372d0f;207;2;090303
024111840e;205;3;090303
1e9704b50b;203;2;090303
f95472edf3;202;3;090303
386182048f;201;5;090303
854089cf8f;201;2;090303
d995ba6d51;201;3;090303
0889d3e368;201;2;090303
06ed736964;200;3;090303
2a40a0b26b;199;4;090303
0368f82032;198;2;090303
8041f248f8;198;3;090303
5bbac1f235;198;2;090303
dcd6eb6e3f;197;3;090303
d81641a613;196;4;090303
a462f21f68;196;4;090303
1469366398;196;1;090303
fc0adb59de;195;5;090303
d33ab9f50e;195;5;090303
9bea155f9b;193;3;090303
95a2ce5ff7;192;3;090303
972c1dc7c1;192;3;090303
b824b9bcbb;191;3;090303
9728250750;191;6;090303
c2ab3169a6;190;2;090303
7ba5ac6d4d;189;4;090303
763ee851fd;188;4;090303
44dd43369d;186;3;090303
d46ab7bcba;186;4;090303
1592267d47;186;2;090303
dcf56e2401;185;1;090303
3201e8b05c;184;2;090303
d8ae34e417;183;1;090303
75d10a2367;181;1;090303
826f7c23c6;181;3;090303
86576bbd84;180;1;090303
ae168867aa;178;3;090303
279025c0df;178;4;090303
25aba3ad3f;177;1;090303
29288ec604;176;1;090303
8f3bd6e696;175;2;090303
4b27034efa;175;2;090303
93b1f4ecf3;174;3;090303
0d8986ba76;173;5;090303
99459d9173;171;2;090303
13985edfa7;169;2;090303
53144c6c4b;167;3;090303
a523c33e26;167;5;090303
2c91423793;163;3;090303
c73c8bc109;162;2;090303
1471b8e37d;161;1;090303
c9f7f374b5;160;4;090303
63355d62e2;160;1;090303
2fe7c886b5;157;2;090303
30136543bf;155;1;090303
ee448f9815;152;2;090303
7e288c4b34;134;2;090303
12bbb927ed;295;5;090304
adfc53a70c;290;1;090304
a42a3f6f7d;288;2;090304
8a50f3ab5a;286;2;090304
73ef24101e;284;2;090304
23d594f899;281;2;090304
a408da1159;278;1;090304
1e79bbb096;278;1;090304
72c2b37cc2;277;1;090304
d71e3fc995;275;1;090304
f0b5021dd1;271;1;090304
f76f7c2816;268;1;090304
793a5fcfca;268;1;090304
1a7019089f;266;1;090304
9493cfbaf6;265;1;090304
5fbb4adde2;265;1;090304
cdda7465bb;264;3;090304
3c076f4ae0;263;3;090304
b6237248b8;262;1;090304
aeed774f2f;262;1;090304
22f5270bc6;260;1;090304
b0c8928803;259;1;090304
17e16d208a;258;1;090304
6b5f833854;258;1;090304
2f5c573e6c;258;1;090304
e677ac9fc4;256;2;090304
d2a81a080f;255;1;090304
1b91eec272;255;1;090304
d892cc4f59;255;2;090304
e6ef96dd1d;255;1;090304
02cecf885d;255;1;090304
8801db5fa3;253;1;090304
e89600f6b6;253;1;090304
54e46d5d30;253;1;090304
ca8d4fcf05;253;1;090304
daae20e36c;252;1;090304
4228eab2f5;251;3;090304
8fa01877ef;251;1;090304
7b017453a0;251;1;090304
2541756565;250;1;090304
d2379b35fd;250;4;090304
ecb7d26d15;249;1;090304
b6005fbc0a;249;1;090304
5a698615ca;247;1;090304
041560c8e8;247;1;090304
2a0fcd2131;247;2;090304
869e4b4bd7;247;2;090304
d17190dbc3;247;1;090304
0d11796342;247;2;090304
9994f317a1;246;1;090304
99b726367b;245;1;090304
1bf5de4a2e;245;1;090304
995b5629fb;243;1;090304
a92f7fd84d;243;1;090304
8e6711342e;242;2;090304
871ad43704;242;1;090304
8536a8a6eb;242;2;090304
be740ebd0e;241;1;090304
b7b876160e;241;1;090304
3e3e9192b6;241;1;090304
68f9553464;241;2;090304
85f8b34bb1;241;1;090304
91609f40e8;239;1;090304
b7c47035ba;239;4;090304
c1a683546d;239;1;090304
868e64f1d1;239;1;090304
985053bc8f;238;1;090304
7a77040424;237;1;090304
85b10b71c1;236;1;090304
5191fa69e9;236;1;090304
f25fec3873;236;1;090304
d11b0b488f;236;5;090304
18c9b9a06d;235;1;090304
931b6b8665;235;2;090304
d56b2b229f;234;1;090304
d431821c70;234;2;090304
3ac03c9bf1;234;1;090304
0f0c9c9462;234;1;090304
e2a9030a34;233;2;090304
c1aa52e71e;233;2;090304
1975668573;233;1;090304
218c273de0;233;1;090304
6e2b7ca884;233;4;090304
4d52ec6b4c;232;1;090304
4b16dba032;232;1;090304
fc8d170a1a;232;1;090304
fcd8a9e152;229;2;090304
9eeb2dadd6;229;1;090304
9f3d9ccb6c;229;1;090304
ccecd66db5;228;1;090304
8efaf3800a;228;1;090304
989cedc0b1;228;2;090304
54aaaf1508;228;2;090304
fc5560fa1a;228;1;090304
baf5d4efcf;226;2;090304
f2629dabff;226;1;090304
b0c2658a1b;226;1;090304
10a7a83273;226;1;090304
c4d300059d;225;1;090304
4cd6c26acd;225;2;090304
3715e8be1c;225;1;090304
4dfc827e7d;224;1;090304
3da4f95f85;223;1;090304
82cbfc5ded;223;3;090304
83ff926b07;221;1;090304
18f42c8f82;221;1;090304
67d5d06f6b;221;2;090304
214b040e7a;221;7;090304
6d147ccf6c;221;2;090304
3347bdcfe6;220;1;090304
ac16989451;220;4;090304
74c0d7e6d6;219;1;090304
837ce8fc04;219;2;090304
49eee131be;219;1;090304
2b1bc2e817;218;2;090304
ea3771c503;218;1;090304
222db424ff;217;1;090304
91e7d12ca7;217;2;090304
4204a8f293;216;1;090304
28b63907c3;216;1;090304
82c4ded960;216;3;090304
f5a7cd142f;215;1;090304
035d204417;214;4;090304
eaa8c52bb9;214;1;090304
63d88ed932;214;2;090304
f925146daa;213;2;090304
65e189dcf4;212;2;090304
dcdf55e1cd;212;4;090304
27daeab669;211;3;090304
873c8832f6;211;2;090304
2a70def790;209;1;090304
222aaf2ec9;208;2;090304
3c7b376283;207;2;090304
9cac06f628;207;1;090304
39fccfa80e;207;4;090304
78800123d2;206;2;090304
650444e62f;205;3;090304
1e9704b50b;203;5;090304
5154a116a5;202;1;090304
490f18786e;202;2;090304
d995ba6d51;201;1;090304
f075d569a8;201;4;090304
2a40a0b26b;199;1;090304
b08632e301;199;2;090304
c46dacbad7;199;2;090304
8041f248f8;198;2;090304
dcd6eb6e3f;197;1;090304
5e785c1701;197;5;090304
d81641a613;196;2;090304
a462f21f68;196;2;090304
49f6389436;195;5;090304
d33ab9f50e;195;1;090304
29207f12eb;192;4;090304
972c1dc7c1;192;1;090304
b30a58000b;189;3;090304
44dd43369d;186;2;090304
7c4c437b73;185;4;090304
8ebbe3b86a;180;4;090304
eca9f0b77d;178;3;090304
279025c0df;178;1;090304
c4b0e76fa2;177;1;090304
2e75140042;176;2;090304
c1dfb961c4;176;1;090304
0d8986ba76;173;4;090304
fd31acb4c7;168;3;090304
689576b9f5;167;2;090304
53144c6c4b;167;1;090304
a523c33e26;167;1;090304
c9f7f374b5;160;1;090304
63355d62e2;160;2;090304
160481a2a5;160;1;090304
2fe7c886b5;157;5;090304
b6054f8e15;156;3;090304
ee448f9815;152;3;090304
af8ced1348;152;4;090304
36c3f97784;149;3;090304
1c28197cb0;134;3;090304
7e288c4b34;134;4;090304
4487087ee9;286;1;190303
903de13bec;285;2;190303
f261e7e9b5;264;1;190303
6087951b5a;263;2;190303
1e7f547f35;262;2;190303
e829898c27;256;3;190303
e4ded0c0fa;251;5;190303
fc0a6849c5;250;2;190303
04758ffc14;249;3;190303
76570efcd0;244;2;190303
b6b2a80da9;242;2;190303
d82f38e417;240;2;190303
e03239c88f;237;2;190303
b391c4ba23;235;2;190303
3a3eea2bcc;232;5;190303
2c3fbc0c90;232;1;190303
0aaf60d09a;232;2;190303
7a671e50dc;231;1;190303
5590fa2092;230;3;190303
62e6eca389;230;1;190303
8ab7d085e5;229;3;190303
bbd24d26b7;227;1;190303
9da9f64a42;224;3;190303
a700c9a6e2;222;2;190303
48949232fa;219;2;190303
c6ef646666;218;2;190303
63fc549e5b;217;1;190303
3dfb559e45;215;1;190303
91ad5763f6;214;2;190303
fecae81a3b;205;4;190303
e8a6e6a779;203;5;190303
5f57d1ef25;201;5;190303
763c11b1fb;199;4;190303
c714046963;197;3;190303
4162097439;196;1;190303
e7baf0c5fe;194;5;190303
2869057348;192;1;190303
82a31a7d75;191;4;190303
d6b9832a47;191;5;190303
9728250750;191;1;190303
54f2364d50;191;3;190303
3351417a81;188;1;190303
6f61d03dd3;188;3;190303
27ed3f95ef;185;4;190303
1d5ef9e6a5;183;6;190303
73c7fed9ef;183;1;190303
a04b0b2f13;182;2;190303
d00f5448dc;181;2;190303
e8057637d2;180;4;190303
89119a0604;178;3;190303
c41d1f08b5;177;1;190303
7fa20d0f5a;177;2;190303
5657412a3c;177;1;190303
221436e5a7;174;1;190303
f0b1c452bc;173;4;190303
6277508415;171;4;190303
40351146b3;171;2;190303
5806b5fe22;171;5;190303
cbfd6b300a;167;5;190303
2408b0b054;161;2;190303
e3212445d6;160;2;190303
65224679bf;160;2;190303
490c3c5a33;160;4;190303
3120e71aba;154;1;190303
53a2757e50;150;4;190303
b68508f72c;147;1;190303
3ae2616d1a;138;2;190303
f913b0302d;135;2;190303
4487087ee9;286;2;190303
903de13bec;285;1;190303
6087951b5a;263;1;190303
1e7f547f35;262;1;190303
e829898c27;256;1;190303
e4ded0c0fa;251;4;190303
fc0a6849c5;250;1;190303
04758ffc14;249;5;190303
76570efcd0;244;1;190303
b6b2a80da9;242;1;190303
661126d188;242;1;190303
d82f38e417;240;1;190303
e03239c88f;237;1;190303
b391c4ba23;235;1;190303
3a3eea2bcc;232;6;190303
2c3fbc0c90;232;3;190303
0aaf60d09a;232;1;190303
7a671e50dc;231;2;190303
62e6eca389;230;2;190303
bbd24d26b7;227;2;190303
a700c9a6e2;222;1;190303
48949232fa;219;1;190303
c6ef646666;218;3;190303
63fc549e5b;217;2;190303
3dfb559e45;215;2;190303
91ad5763f6;214;1;190303
a7b54e94c3;207;4;190303
fecae81a3b;205;2;190303
e8a6e6a779;203;4;190303
5f57d1ef25;201;4;190303
763c11b1fb;199;3;190303
c714046963;197;4;190303
4162097439;196;2;190303
e7baf0c5fe;194;4;190303
2869057348;192;2;190303
82a31a7d75;191;3;190303
d6b9832a47;191;4;190303
9728250750;191;2;190303
54f2364d50;191;4;190303
3351417a81;188;2;190303
6f61d03dd3;188;2;190303
27ed3f95ef;185;5;190303
1d5ef9e6a5;183;4;190303
73c7fed9ef;183;2;190303
a04b0b2f13;182;1;190303
d00f5448dc;181;1;190303
e8057637d2;180;5;190303
c391987e5d;180;3;190303
89119a0604;178;1;190303
c41d1f08b5;177;2;190303
7fa20d0f5a;177;1;190303
5657412a3c;177;2;190303
221436e5a7;174;2;190303
f0b1c452bc;173;3;190303
6277508415;171;3;190303
40351146b3;171;3;190303
5806b5fe22;171;6;190303
6ba54dd231;170;5;190303
cbfd6b300a;167;3;190303
2408b0b054;161;1;190303
e3212445d6;160;1;190303
65224679bf;160;1;190303
490c3c5a33;160;3;190303
5a8d4dfd62;155;5;190303
3120e71aba;154;2;190303
53a2757e50;150;5;190303
b68508f72c;147;2;190303
3ae2616d1a;138;1;190303
1797fd19e9;123;5;190303
ac5fb86a58;281;3;420301
eae59f2a90;250;1;420301
11dea94001;242;1;420301
cb39d2a416;238;1;420301
a1c8af6e96;236;1;420301
3838418cad;228;1;420301
eda671aa0d;225;1;420301
dd2d174982;223;1;420301
46146d6ced;222;4;420301
052a4e917f;217;1;420301
56e89d1af2;215;1;420301
cc775eb81f;212;1;420301
3b5f7cbf08;211;1;420301
5e3794e81d;194;1;420301
714cd0bc5d;193;1;420301
6293086814;191;1;420301
ee25214a87;190;1;420301
c9ea9279d3;189;1;420301
85576bff54;189;1;420301
cf1989bd69;179;1;420301
52b2ac69cb;178;1;420301
48233ab696;173;1;420301
3510bf979f;171;1;420301
eb5177777f;165;1;420301
227ac2d817;160;1;420301
74b334eaa8;155;1;420301
c18f11188b;153;1;420301
9d1db517c0;150;3;420301
6ba5f84bb5;147;1;420301
2f49584e30;259;3;430301
cabcbe0d8f;228;4;430301
e65c3b40e9;226;3;430301
09913e3e58;226;1;430301
6d21d1e75b;218;1;430301
fd11ce9c5e;217;3;430301
fec1842bae;212;2;430301
6b53cb37e7;198;3;430301
ddc68454b0;194;1;430301
9728250750;191;3;430301
d5e0523daf;188;1;430301
92f5986a68;187;1;430301
4672946585;182;1;430301
a6b21a0175;182;4;430301
83c5e0e9e5;177;1;430301
bf52811974;177;1;430301
3daf447e16;175;4;430301
515b3d4269;175;2;430301
7745a67431;174;1;430301
2f10c3f286;168;4;430301
9693f3d8b0;164;5;430301
1471b8e37d;161;4;430301
9549d2e346;159;1;430301
0fe58e3b67;157;3;430301
f632221bb9;157;2;430301
8cdb68ff47;156;4;430301
c64dbc6173;150;3;430301
f28749512b;147;1;430301
2b9b4de085;140;2;430301
166f559b20;140;3;430301
81e847266e;139;1;430301
cdda7465bb;264;4;080301
d9ab1c53eb;259;1;080301
38a69041bb;252;4;080301
e34e8f226e;245;5;080301
a3bed62c71;244;2;080301
f8984848bd;244;3;080301
a08d342082;243;5;080301
ed478c34c3;240;1;080301
fdea8eb5ab;237;1;080301
506a51970b;233;2;080301
cb3522de62;233;2;080301
ae5a6922b3;231;1;080301
d1cde4444d;228;5;080301
46bb24613c;227;1;080301
7f84b84bbe;226;5;080301
214b040e7a;221;2;080301
b74b5c9411;221;2;080301
0fe14f6ba2;220;5;080301
b471abb99e;219;2;080301
2609ce4893;219;5;080301
f51ee559b8;218;1;080301
2f4fc15686;217;2;080301
aea9e77c29;217;2;080301
da171f0228;214;5;080301
4159cb9453;214;3;080301
df71b32e32;214;1;080301
8d34faeaf7;213;1;080301
30db6b3e08;213;1;080301
473994bd4f;212;1;080301
5733498b6f;211;1;080301
e577c04b4d;210;6;080301
9296405656;209;3;080301
898d1ccce9;209;1;080301
fe74672cdd;209;1;080301
06e0121ea3;209;4;080301
69687777d9;209;2;080301
a7b54e94c3;207;3;080301
78800123d2;206;4;080301
9d5801cc52;206;4;080301
f4d78d2c1a;205;1;080301
d3383c9241;204;3;080301
490f18786e;202;4;080301
f1d85831c8;202;2;080301
5052c8cd3d;201;1;080301
a39df5191e;201;2;080301
650726d1f8;201;1;080301
b0b93a701e;200;1;080301
b08632e301;199;6;080301
08a102c484;199;5;080301
2a2ddb069c;198;6;080301
d7c8617172;197;2;080301
0a37fbb928;197;4;080301
026f3ed05f;196;1;080301
45e53c90c5;196;2;080301
5752d1c63e;196;5;080301
c0678dc8f5;196;4;080301
139416a02a;196;1;080301
2b4221a59e;195;2;080301
ab3f6653b9;195;1;080301
949c83557c;193;1;080301
0355b07023;193;1;080301
e63b5ba8e9;193;4;080301
717b89edf2;192;2;080301
f8576c92f3;191;1;080301
6dfa5b3b28;191;1;080301
6ed2bef60a;190;4;080301
805cfd50a3;189;3;080301
2cd9357766;189;5;080301
cdc6efa0c0;189;2;080301
384cd147f3;188;1;080301
8236e04abc;187;5;080301
89c255ffe6;187;1;080301
1592267d47;186;5;080301
7c4c437b73;185;2;080301
a6b21a0175;185;2;080301
bfb68a295b;185;6;080301
0e4aef631e;185;1;080301
a97c894603;185;1;080301
90ade3f846;184;5;080301
3d9db0dfd2;184;1;080301
1a132ca5f2;184;3;080301
64ce73df07;184;1;080301
4706f0e7f9;184;3;080301
c9df78681f;183;4;080301
4e7487a3c0;182;1;080301
1c72036c64;182;1;080301
153cec3812;181;1;080301
35c21e80a8;181;2;080301
8467e03e42;180;1;080301
e0c458a7ef;180;1;080301
88dbf28434;180;1;080301
878032478e;180;1;080301
88cf8765e8;180;2;080301
0571e73d60;180;4;080301
fd2e1d6409;179;3;080301
af97b3935a;178;1;080301
c0b05c5b91;178;1;080301
16d9f2e231;178;1;080301
eca9f0b77d;178;2;080301
b3b6fda770;178;2;080301
4daa7d96c3;178;5;080301
9448ade1a2;177;1;080301
816dda5245;177;1;080301
172d319560;177;4;080301
6b8f307ed6;177;5;080301
858fb2ab08;176;1;080301
7c65e8406e;175;1;080301
8f3bd6e696;175;4;080301
7bc5b3c522;175;1;080301
b2e3effa49;175;4;080301
93b1f4ecf3;174;5;080301
b698870f15;174;2;080301
2c72a19bf1;174;1;080301
b9739d8131;174;1;080301
cea2f28916;174;2;080301
f1c6246dd2;173;6;080301
68fc652d0b;173;1;080301
ff601f9414;173;1;080301
e4912b32b0;173;1;080301
d773425809;172;1;080301
14488fee17;172;4;080301
bcc3350a5a;172;2;080301
4738f471e0;172;1;080301
e78e72b55a;171;3;080301
ab7e59403d;171;1;080301
9457b7f1ed;171;1;080301
de9e3de600;170;3;080301
dd93683dfe;170;1;080301
52bd398389;170;2;080301
d009a080e6;167;4;080301
c0b7b36e5b;167;2;080301
fe577ab4fe;167;3;080301
dff5784c91;167;1;080301
39b90be22b;167;1;080301
11a61a2010;166;2;080301
b3f030da65;165;5;080301
fa802c7c4d;164;1;080301
9818524c82;164;3;080301
5eee0c32b4;163;2;080301
85f4d1af86;163;1;080301
2e61d069a1;163;2;080301
792d4b0d12;162;4;080301
eb92063598;162;1;080301
e2a54d21d4;162;4;080301
9d16153b98;161;1;080301
305d8d5a82;161;5;080301
46193bf1cb;161;1;080301
a292f91e81;161;1;080301
fb44c86fa8;161;3;080301
7c8fbcffee;160;2;080301
63355d62e2;160;4;080301
3a159d490a;159;1;080301
6c8a351426;159;1;080301
5366b8df7f;159;3;080301
9d92352e7d;158;3;080301
f3210c582f;158;3;080301
e86146027a;158;2;080301
6b5b213aa1;158;5;080301
715c9bc4e8;157;4;080301
b0cc2b1dea;157;1;080301
decbde0f6b;157;1;080301
5a2cd8a0bd;157;1;080301
4e993437d8;156;1;080301
712f41f2a2;156;2;080301
54d4a82c33;155;1;080301
eddf9614d3;154;3;080301
12e9d71dd9;154;1;080301
500e25a5a1;153;1;080301
952e08a89d;153;5;080301
9eeb5a8b61;153;2;080301
34bc92daa3;152;2;080301
96086daa61;152;3;080301
700d013ad3;152;3;080301
c7c74cb756;149;1;080301
3a5ea15edc;147;2;080301
5824631ce3;146;1;080301
f23ce08d77;146;1;080301
043a5f70c5;146;1;080301
280e3662c7;146;1;080301
323acff821;144;1;080301
0b47673a02;144;2;080301
481a42c6d5;143;3;080301
b2129a50c1;143;1;080301
98f8fbe796;143;1;080301
25bf1c3beb;143;1;080301
8020e7e128;143;3;080301
163399e9ac;143;1;080301
38781a3b73;143;2;080301
8737126845;142;1;080301
2326d42e5d;142;1;080301
80f2902f86;142;1;080301
9cf4063456;142;1;080301
b5fd7c2bc9;142;1;080301
8e15dfb3b3;142;1;080301
3ff87d6900;142;2;080301
c474ade2c0;141;4;080301
6482ecca92;141;2;080301
8e26f16d19;138;2;080301
c205344b0f;138;4;080301
8f68af7b9c;138;1;080301
d53b7ff301;137;1;080301
90abe527f4;137;1;080301
62542b8ceb;137;4;080301
0d1d6a7e8a;137;4;080301
1c28197cb0;134;4;080301
c83a409aac;133;4;080301
edc6c52adf;131;4;080301
cda26a6158;130;5;080301
91d39767fd;129;1;080301
3e955db5d7;129;1;080301
a6541ee3e7;129;5;080301
1232834b6c;128;1;080301
cf834c6c4d;128;5;080301
c7c00236d1;127;1;080301
c10c090471;127;1;080301
318b988e25;127;4;080301
af481e2c08;127;2;080301
805204881a;127;2;080301
b998cfc6cc;127;1;080301
bb11eab219;127;1;080301
0624f922b9;127;2;080301
b0072c5be9;127;4;080301
315d884cdc;126;1;080301
e33b25f3cf;126;1;080301
47f45caf8f;125;1;080301
fe881a52a6;124;2;080301
6df6afe533;124;2;080301
f6ba03ccc4;124;2;080301
f1895406d8;124;1;080301
1eadeb8721;124;1;080301
6895be20df;123;2;080301
4c55f763d8;123;2;080301
dfddeefb14;123;1;080301
988f1acfc3;123;2;080301
37a3497f0b;123;2;080301
09ff756b85;122;2;080301
24906f91f6;122;1;080301
e8cf67b2ca;122;3;080301
c1dabec3cc;122;2;080301
bc33e79ae7;122;1;080301
34430ef538;118;3;080301
7aeae7501c;118;4;080301
46e3c54142;113;4;080301
38a69041bb;252;2;080301
a3bed62c71;244;3;080301
506a51970b;233;1;080301
cb3522de62;233;3;080301
46bb24613c;227;2;080301
3ff4a13152;223;2;080301
214b040e7a;221;3;080301
b74b5c9411;221;3;080301
b471abb99e;219;1;080301
2f4fc15686;217;3;080301
da171f0228;214;2;080301
df71b32e32;214;2;080301
30db6b3e08;213;2;080301
473994bd4f;212;2;080301
b30821b84e;211;1;080301
e577c04b4d;210;5;080301
06e0121ea3;209;3;080301
69687777d9;209;3;080301
d3383c9241;204;2;080301
5052c8cd3d;201;3;080301
a39df5191e;201;3;080301
b0b93a701e;200;3;080301
b08632e301;199;5;080301
2a2ddb069c;198;5;080301
0a37fbb928;197;5;080301
026f3ed05f;196;2;080301
45e53c90c5;196;3;080301
139416a02a;196;2;080301
2b4221a59e;195;1;080301
ab3f6653b9;195;2;080301
0355b07023;193;3;080301
717b89edf2;192;1;080301
f8576c92f3;191;2;080301
6dfa5b3b28;191;2;080301
7a9c8a0624;190;1;080301
805cfd50a3;189;4;080301
cdc6efa0c0;189;1;080301
384cd147f3;188;2;080301
934d924409;188;5;080301
8236e04abc;187;2;080301
a6b21a0175;185;3;080301
a97c894603;185;5;080301
64ce73df07;184;2;080301
4706f0e7f9;184;2;080301
4e7487a3c0;182;3;080301
153cec3812;181;2;080301
35c21e80a8;181;1;080301
8467e03e42;180;2;080301
88dbf28434;180;2;080301
878032478e;180;3;080301
88cf8765e8;180;4;080301
8ebbe3b86a;180;3;080301
0571e73d60;180;5;080301
ee424b5a77;179;1;080301
fd2e1d6409;179;2;080301
c0b05c5b91;178;3;080301
b3b6fda770;178;1;080301
4daa7d96c3;178;2;080301
515bd672ab;177;1;080301
9448ade1a2;177;2;080301
172d319560;177;5;080301
7c65e8406e;175;2;080301
8f3bd6e696;175;5;080301
b2e3effa49;175;2;080301
2cd1febe3b;175;1;080301
b698870f15;174;4;080301
2c72a19bf1;174;2;080301
b9739d8131;174;3;080301
cea2f28916;174;3;080301
9c412bb337;173;1;080301
35f7219ea9;173;1;080301
68fc652d0b;173;3;080301
ff601f9414;173;2;080301
d773425809;172;2;080301
c3b1460513;171;1;080301
e78e72b55a;171;2;080301
ab7e59403d;171;2;080301
9457b7f1ed;171;2;080301
de9e3de600;170;1;080301
dd93683dfe;170;3;080301
52bd398389;170;1;080301
7b0adb5255;169;2;080301
c0b7b36e5b;167;1;080301
fe577ab4fe;167;2;080301
dff5784c91;167;2;080301
39b90be22b;167;2;080301
11a61a2010;166;1;080301
5c94fb93a2;164;1;080301
fa802c7c4d;164;3;080301
9818524c82;164;4;080301
85f4d1af86;163;2;080301
2e61d069a1;163;5;080301
792d4b0d12;162;1;080301
46193bf1cb;161;2;080301
a292f91e81;161;3;080301
7c8fbcffee;160;1;080301
7aa02db861;159;1;080301
3a159d490a;159;2;080301
6c8a351426;159;2;080301
5366b8df7f;159;4;080301
9d92352e7d;158;4;080301
f3210c582f;158;1;080301
e86146027a;158;3;080301
5a2cd8a0bd;157;3;080301
e85433ebfa;156;1;080301
4e993437d8;156;4;080301
712f41f2a2;156;3;080301
6561934ec5;155;1;080301
e24e66c77e;155;1;080301
0f1c9400b2;155;2;080301
54d4a82c33;155;2;080301
eddf9614d3;154;4;080301
12e9d71dd9;154;2;080301
500e25a5a1;153;2;080301
2a9bd19a30;152;1;080301
34bc92daa3;152;1;080301
96086daa61;152;4;080301
af8ced1348;152;3;080301
78b3b7eb37;150;1;080301
845d5581e4;149;5;080301
27c6f2f174;147;1;080301
3a5ea15edc;147;1;080301
3a62d005e8;146;1;080301
0afb607551;146;1;080301
280e3662c7;146;2;080301
323acff821;144;3;080301
481a42c6d5;143;6;080301
b2129a50c1;143;2;080301
98f8fbe796;143;2;080301
4ed80312a1;143;5;080301
25bf1c3beb;143;2;080301
db1ddff986;143;1;080301
8020e7e128;143;1;080301
163399e9ac;143;2;080301
e938a47074;143;1;080301
95c390cef4;143;1;080301
38781a3b73;143;1;080301
0e82c06101;142;1;080301
0d2c02b7fb;142;1;080301
fb27a72bc3;142;1;080301
8737126845;142;2;080301
4fcc77670b;142;1;080301
a4a03cc2e8;142;1;080301
36c3434aad;142;1;080301
cc39c3090e;142;1;080301
fe7fc2910c;142;1;080301
3ff87d6900;142;3;080301
c474ade2c0;141;1;080301
6482ecca92;141;3;080301
a842592bd1;140;1;080301
c205344b0f;138;3;080301
58d06aaffa;138;1;080301
8f68af7b9c;138;2;080301
d53b7ff301;137;3;080301
90abe527f4;137;2;080301
8c1456cef2;137;1;080301
62542b8ceb;137;1;080301
de8faf788e;135;1;080301
6d797d3192;134;1;080301
c83a409aac;133;1;080301
5a6b6be69b;132;1;080301
3c6537e340;132;1;080301
88c87ca1bd;132;1;080301
3ba435c916;132;1;080301
459607b87e;132;1;080301
e336d9aa97;132;1;080301
edc6c52adf;131;1;080301
632954a278;130;1;080301
a6541ee3e7;129;2;080301
cf834c6c4d;128;1;080301
c7c00236d1;127;4;080301
ea7fc398e9;127;3;080301
6d409f6361;127;2;080301
b0072c5be9;127;3;080301
e33b25f3cf;126;4;080301
c85b545065;126;1;080301
47f45caf8f;125;2;080301
fe881a52a6;124;1;080301
6df6afe533;124;3;080301
f6ba03ccc4;124;3;080301
1eadeb8721;124;2;080301
6895be20df;123;3;080301
4c55f763d8;123;3;080301
988f1acfc3;123;1;080301
37a3497f0b;123;1;080301
3528b69ecc;122;1;080301
09ff756b85;122;3;080301
860679d1fc;122;1;080301
24906f91f6;122;2;080301
045ab1936f;122;1;080301
ec647914d8;122;1;080301
e8cf67b2ca;122;2;080301
c1dabec3cc;122;1;080301
bc33e79ae7;122;2;080301
34430ef538;118;4;080301
7aeae7501c;118;1;080301
46e3c54142;113;3;080301
c27923433a;262;4;130301
38a69041bb;252;1;130301
b471abb99e;219;4;130301
da171f0228;214;1;130301
b14f47e5c6;213;2;130301
30db6b3e08;213;6;130301
b1527f4b9d;208;4;130301
9e5e96bedf;202;1;130301
b0b93a701e;200;2;130301
45e53c90c5;196;5;130301
3f67a15266;194;5;130301
b824b9bcbb;191;2;130301
1141e49002;189;3;130301
cdc6efa0c0;189;4;130301
384cd147f3;188;3;130301
8236e04abc;187;3;130301
e84dc49949;186;4;130301
9095310dfc;186;3;130301
bfb68a295b;185;5;130301
4644d70631;182;2;130301
fd2e1d6409;179;5;130301
c5a2d0ecee;179;4;130301
4daa7d96c3;178;1;130301
4ce32cbc76;177;4;130301
46e3c54142;175;2;130301
b2e3effa49;175;3;130301
e78e72b55a;171;1;130301
fe577ab4fe;167;5;130301
dff5784c91;167;5;130301
792d4b0d12;162;3;130301
9d16153b98;161;2;130301
df54505b8b;161;3;130301
f3210c582f;158;2;130301
6b5b213aa1;158;4;130301
d02087d862;156;2;130301
341ed3d47a;154;5;130301
32f7ff93e5;154;1;130301
f6c959c68b;152;5;130301
96086daa61;152;1;130301
3a62d005e8;146;4;130301
043a5f70c5;146;2;130301
98f8fbe796;143;3;130301
c474ade2c0;141;2;130301
6482ecca92;141;1;130301
4986cd76d8;141;3;130301
62542b8ceb;137;3;130301
0d1d6a7e8a;137;5;130301
71c12c0bb8;132;2;130301
91d39767fd;129;2;130301
3e955db5d7;129;3;130301
a6541ee3e7;129;1;130301
1232834b6c;128;2;130301
cf834c6c4d;128;3;130301
c7c00236d1;127;2;130301
c10c090471;127;3;130301
318b988e25;127;2;130301
805204881a;127;1;130301
b998cfc6cc;127;2;130301
ea7fc398e9;127;1;130301
bb11eab219;127;3;130301
315d884cdc;126;3;130301
e33b25f3cf;126;2;130301
09970db143;125;2;130301
f854ac1217;125;3;130301
fe881a52a6;124;3;130301
f6ba03ccc4;124;1;130301
6895be20df;123;5;130301
dfddeefb14;123;3;130301
37a3497f0b;123;3;130301
77b84748df;122;2;130301
f7f2c575dd;122;1;130301
8f6ec30895;122;1;130301
045ab1936f;122;2;130301
e8cf67b2ca;122;4;130301
7aeae7501c;118;3;130301
b175905c1e;237;4;150302
ccb7ea74b9;232;3;150302
2c3fbc0c90;232;5;150302
d1cde4444d;228;3;150302
7f84b84bbe;226;3;150302
661126d188;225;2;150302
7bbc8bbe39;223;4;150302
d2baf564f5;221;3;150302
f81e7d9c38;215;5;150302
24d32feaaa;214;4;150302
e829898c27;214;2;150302
48661bfc8b;211;5;150302
d46bed6dbe;207;3;150302
cc6e8288a2;202;2;150302
e45c38a724;199;4;150302
f6969ca4c2;189;2;150302
005d19ba16;188;4;150302
934d924409;188;4;150302
e1f3b67289;187;5;150302
dcf56e2401;185;2;150302
3d375b10ce;178;2;150302
31117cf354;177;5;150302
6b8f307ed6;177;4;150302
05a922a41c;176;2;150302
8f3bd6e696;175;3;150302
93b1f4ecf3;174;2;150302
f1c6246dd2;173;3;150302
0a74ac6543;173;2;150302
420fc031a6;173;4;150302
9714f33f3e;172;4;150302
40351146b3;171;6;150302
a1b3f9f20f;171;4;150302
a0373244a1;169;4;150302
7b0adb5255;169;3;150302
1a1b69dedd;166;5;150302
4f413caaa9;165;1;150302
2e61d069a1;163;6;150302
968cbf4f3b;159;2;150302
da9fb1bfda;159;4;150302
ed34e42b3d;157;3;150302
5a8d4dfd62;155;1;150302
3651861ca8;153;4;150302
7cc97aa481;153;2;150302
94ba6d555a;148;2;150302
f435a0c7c0;147;1;150302
e4171f7f4b;145;2;150302
481a42c6d5;143;7;150302
0b1813265f;142;6;150302
d53b7ff301;137;2;150302
0d1d6a7e8a;137;2;150302
b63169da03;130;1;150302
4156b2fe4b;130;1;150302
bb8e26653b;130;1;150302
07c8d720f3;123;2;150302
1797fd19e9;123;2;150302
3bb3448004;123;1;150302
7b0028a047;118;1;150302
90aaabf4c7;118;1;150302
cdda7465bb;264;5;150302
38a69041bb;252;5;150302
7b017453a0;251;5;150302
506a51970b;233;3;150302
ccb7ea74b9;232;4;150302
46bb24613c;227;3;150302
3ff4a13152;223;1;150302
b74b5c9411;221;1;150302
407106e276;219;4;150302
2f4fc15686;217;1;150302
da171f0228;214;4;150302
8d34faeaf7;213;3;150302
9296405656;209;2;150302
898d1ccce9;209;2;150302
06e0121ea3;209;1;150302
f4d78d2c1a;205;2;150302
490f18786e;202;5;150302
5052c8cd3d;201;2;150302
2047522346;199;1;150302
026f3ed05f;196;3;150302
45e53c90c5;196;4;150302
384cd147f3;188;4;150302
89c255ffe6;187;2;150302
60a143c122;185;3;150302
2bc75a035a;185;3;150302
a97c894603;185;3;150302
1f30192246;183;3;150302
4e7487a3c0;182;4;150302
153cec3812;181;3;150302
e0c458a7ef;180;2;150302
878032478e;180;2;150302
0571e73d60;180;6;150302
fd2e1d6409;179;1;150302
c0b05c5b91;178;2;150302
b3b6fda770;178;4;150302
4daa7d96c3;178;4;150302
9448ade1a2;177;3;150302
816dda5245;177;3;150302
6b8f307ed6;177;3;150302
858fb2ab08;176;2;150302
8f3bd6e696;175;7;150302
b2e3effa49;175;1;150302
4b27034efa;175;4;150302
2c72a19bf1;174;3;150302
b9739d8131;174;2;150302
f1c6246dd2;173;4;150302
68fc652d0b;173;2;150302
ff601f9414;173;4;150302
e4912b32b0;173;3;150302
bcc3350a5a;172;1;150302
dd93683dfe;170;2;150302
c0b7b36e5b;167;3;150302
dff5784c91;167;3;150302
39b90be22b;167;3;150302
fa802c7c4d;164;2;150302
2e61d069a1;163;4;150302
9d16153b98;161;3;150302
305d8d5a82;161;4;150302
46193bf1cb;161;3;150302
7c97a32463;159;3;150302
e86146027a;158;4;150302
5a2cd8a0bd;157;2;150302
4e993437d8;156;3;150302
9eeb5a8b61;153;1;150302
96086daa61;152;2;150302
043a5f70c5;146;3;150302
280e3662c7;146;4;150302
6f6177a7ec;145;4;150302
323acff821;144;2;150302
481a42c6d5;143;1;150302
66821d462e;143;3;150302
163399e9ac;143;4;150302
c474ade2c0;141;5;150302
90abe527f4;137;3;150302
62542b8ceb;137;2;150302
c83a409aac;133;2;150302
71c12c0bb8;132;3;150302
edc6c52adf;131;3;150302
a6541ee3e7;129;4;150302
cf834c6c4d;128;4;150302
c7c00236d1;127;3;150302
c10c090471;127;4;150302
318b988e25;127;3;150302
ea7fc398e9;127;2;150302
bb11eab219;127;4;150302
315d884cdc;126;4;150302
e33b25f3cf;126;3;150302
09970db143;125;3;150302
f854ac1217;125;2;150302
6df6afe533;124;4;150302
f6ba03ccc4;124;4;150302
4c55f763d8;123;4;150302
dfddeefb14;123;4;150302
37a3497f0b;123;4;150302
77b84748df;122;3;150302
8f6ec30895;122;2;150302
045ab1936f;122;3;150302
7aeae7501c;118;2;150302
8536a8a6eb;242;4;230301
ccb7ea74b9;232;2;230301
0629c1bc41;231;5;230301
7da6b761c5;227;3;230301
f3c45e0c28;227;3;230301
d66dcd2727;224;5;230301
37c6d30890;221;2;230301
6d147ccf6c;221;4;230301
f81e7d9c38;215;4;230301
4159cb9453;214;5;230301
06e0121ea3;209;6;230301
b1527f4b9d;208;5;230301
6b53cb37e7;207;2;230301
01878d50c9;207;1;230301
9e5e96bedf;202;2;230301
add4b18cf3;202;5;230301
03d0814e8c;201;2;230301
fec1842bae;197;3;230301
1469366398;196;2;230301
703a7538ee;194;3;230301
ddc68454b0;194;2;230301
e63b5ba8e9;193;5;230301
da86b7b5d0;193;5;230301
24b06e8fa6;192;2;230301
6794370819;191;1;230301
805cfd50a3;189;1;230301
6fd63b731e;189;3;230301
763ee851fd;188;5;230301
934d924409;188;3;230301
e1f3b67289;187;2;230301
e84dc49949;186;2;230301
ac95a5f0ae;186;1;230301
c64dbc6173;185;2;230301
1a132ca5f2;184;4;230301
fd44ad624e;183;5;230301
4644d70631;182;3;230301
1c72036c64;182;3;230301
688d46b704;181;1;230301
4c4bf4412f;181;5;230301
88cf8765e8;180;3;230301
8ebbe3b86a;180;2;230301
76ea109980;179;4;230301
ef1eb365b7;179;4;230301
25f51b0c78;179;2;230301
b08a24bd9b;178;2;230301
2e75140042;176;1;230301
b8a5dde90a;175;1;230301
93b1f4ecf3;174;4;230301
95c6d2626d;174;3;230301
8cdb68ff47;173;3;230301
2f9356c72e;173;5;230301
703dbaafe8;170;5;230301
a0373244a1;169;2;230301
20938d8a04;168;3;230301
f8576c92f3;167;4;230301
1a1b69dedd;166;2;230301
f632221bb9;165;1;230301
9bf9997fc2;165;5;230301
9693f3d8b0;164;4;230301
d9537a1807;163;5;230301
e2a54d21d4;162;2;230301
deffa2d755;162;2;230301
fc64aebdcf;161;3;230301
1471b8e37d;161;3;230301
da9fb1bfda;159;2;230301
715c9bc4e8;157;1;230301
e24e66c77e;155;2;230301
30136543bf;155;4;230301
96256df3ac;154;3;230301
2b9b4de085;153;1;230301
700d013ad3;152;1;230301
fe8add0b13;151;2;230301
851cd8b251;149;4;230301
845d5581e4;149;1;230301
94ba6d555a;148;4;230301
41eceaa4e8;148;4;230301
1176aae0e0;145;3;230301
0b1c1ab62e;145;1;230301
fa20f5ceca;144;2;230301
c0169d1731;144;2;230301
481a42c6d5;143;4;230301
9bc13f521f;141;2;230301
82e5bd582e;140;1;230301
166f559b20;140;2;230301
e5ae5bd4b4;139;5;230301
52bf375df3;137;1;230301
96c4347cc5;137;2;230301
7920fc4ee4;137;5;230301
4e3d281256;137;3;230301
d852e32783;136;1;230301
2df84e5f0f;135;1;230301
bb8e26653b;130;3;230301
531d6d46cf;130;1;230301
cda26a6158;130;3;230301
07c8d720f3;123;3;230301
3ea69b326e;118;1;230301
1a810d2e5a;118;1;230301
38a69041bb;252;3;200301
234934686f;233;2;200301
fcd8a9e152;229;5;200301
f3c45e0c28;227;2;200301
407106e276;219;5;200301
86d5aa24f3;217;5;200301
da171f0228;214;3;200301
f31c0c46c9;212;4;200301
6c9bd3ae9d;211;2;200301
9296405656;209;1;200301
b0b93a701e;200;4;200301
0a37fbb928;197;1;200301
a462f21f68;196;5;200301
ab3f6653b9;195;4;200301
0355b07023;193;4;200301
e63b5ba8e9;193;2;200301
9728250750;191;4;200301
aec17311df;190;2;200301
6fd63b731e;189;2;200301
8236e04abc;187;4;200301
23fb949e8d;187;5;200301
89c255ffe6;187;4;200301
7c4c437b73;185;5;200301
a97c894603;185;4;200301
4b06809eb3;183;2;200301
e1433a72c9;182;1;200301
4e7487a3c0;182;5;200301
688d46b704;181;3;200301
e0c458a7ef;180;4;200301
63832041cd;179;1;200301
c0b05c5b91;178;4;200301
b3b6fda770;178;5;200301
4daa7d96c3;178;3;200301
a41a535000;176;1;200301
b8a5dde90a;175;5;200301
46e3c54142;175;1;200301
d773425809;172;3;200301
14488fee17;172;5;200301
b698870f15;171;5;200301
fe577ab4fe;167;4;200301
dff5784c91;167;4;200301
8160e26791;165;2;200301
9818524c82;164;6;200301
2e61d069a1;163;3;200301
792d4b0d12;162;2;200301
5366b8df7f;159;1;200301
f3210c582f;158;4;200301
4e993437d8;156;2;200301
d3b82e3f41;155;2;200301
0f1c9400b2;155;1;200301
eddf9614d3;154;2;200301
a10818cd7e;153;1;200301
0d3bd12a30;152;1;200301
851cd8b251;149;5;200301
558ad064b0;149;1;200301
a1d1db6bce;149;1;200301
2466789969;148;2;200301
280e3662c7;147;3;200301
3a62d005e8;146;2;200301
5824631ce3;146;3;200301
9fc15cae51;143;1;200301
8020e7e128;143;2;200301
163399e9ac;143;3;200301
9e0ee9c087;142;1;200301
c474ade2c0;141;3;200301
6482ecca92;141;4;200301
c205344b0f;138;1;200301
90abe527f4;137;4;200301
1ee20277a8;133;2;200301
c83a409aac;133;3;200301
fadfbf107d;132;2;200301
edc6c52adf;131;2;200301
ef0e6a8897;131;1;200301
91d39767fd;129;3;200301
3e955db5d7;129;2;200301
a6541ee3e7;129;3;200301
1232834b6c;128;3;200301
cf834c6c4d;128;2;200301
c10c090471;127;2;200301
318b988e25;127;1;200301
52e1f1fa45;127;2;200301
bb11eab219;127;2;200301
6d409f6361;127;1;200301
b0072c5be9;127;2;200301
315d884cdc;126;2;200301
09970db143;125;1;200301
f854ac1217;125;1;200301
fe881a52a6;124;4;200301
6df6afe533;124;1;200301
1d574165a6;124;1;200301
6895be20df;123;1;200301
4c55f763d8;123;1;200301
dfddeefb14;123;2;200301
37a3497f0b;123;5;200301
77b84748df;122;1;200301
09ff756b85;122;1;200301
860679d1fc;122;2;200301
26487ea4d8;122;2;200301
d95a83c86f;122;1;200301
e8cf67b2ca;122;1;200301
34430ef538;118;1;200301
c27923433a;262;3;270304
09e8838542;262;3;270304
d2379b35fd;250;5;270304
2217b6c4bc;246;1;270304
995b5629fb;243;4;270304
b7b876160e;241;3;270304
4e7cc64d3d;239;2;270304
868e64f1d1;239;5;270304
22b924e1b8;235;2;270304
218c273de0;233;4;270304
6e2b7ca884;233;1;270304
ccb7ea74b9;232;5;270304
9eeb2dadd6;229;4;270304
000281b01b;229;4;270304
d1cde4444d;228;1;270304
baf5d4efcf;226;3;270304
36cf44b735;226;2;270304
7f84b84bbe;226;1;270304
d83ea08790;226;1;270304
5d18f2a212;224;4;270304
7be0763f2b;223;2;270304
8032a6f743;223;5;270304
1097f04e87;220;3;270304
b471abb99e;219;5;270304
321fcae662;219;5;270304
2609ce4893;219;3;270304
86d5aa24f3;217;4;270304
ba43175d98;217;2;270304
b003e70b0b;216;5;270304
f81e7d9c38;215;2;270304
e68ebac88c;213;4;270304
b14f47e5c6;213;5;270304
8059228239;213;3;270304
0dc9b28855;213;4;270304
f04b050dc1;213;2;270304
f31c0c46c9;212;2;270304
56d6030dd3;212;4;270304
9ecebb1cc0;212;3;270304
0c77384b3c;212;4;270304
b613c006b7;211;4;270304
c713898982;210;4;270304
06e0121ea3;209;5;270304
134523169c;208;5;270304
b1527f4b9d;208;2;270304
39fccfa80e;207;5;270304
d46bed6dbe;207;2;270304
c67031d19e;206;2;270304
78800123d2;206;5;270304
0d386a5225;205;2;270304
21556a0372;205;1;270304
dd4d1219a0;203;4;270304
4c2be823c5;202;2;270304
386182048f;201;4;270304
336f03b270;201;5;270304
f0c9db5d3a;201;4;270304
06ed736964;200;5;270304
a6df42d8fd;200;4;270304
e45c38a724;199;1;270304
1f542b3211;197;5;270304
1469366398;196;4;270304
5752d1c63e;196;3;270304
277ab847e5;195;4;270304
49f6389436;195;2;270304
f5f1a87343;194;4;270304
18056c4834;194;2;270304
3f67a15266;194;2;270304
da86b7b5d0;193;1;270304
24b06e8fa6;192;3;270304
972c1dc7c1;192;5;270304
8f770ea081;190;2;270304
6fd63b731e;189;4;270304
2cd9357766;189;4;270304
7ba5ac6d4d;189;5;270304
48fa058162;188;3;270304
95f1a2e8fa;188;2;270304
6f13e7c1fb;187;5;270304
23fb949e8d;187;2;270304
a55c0b2511;186;4;270304
d46ab7bcba;186;5;270304
9095310dfc;186;4;270304
1592267d47;186;4;270304
63dff01629;185;4;270304
60a143c122;185;4;270304
2bc75a035a;185;2;270304
baf449fb4e;185;5;270304
3201e8b05c;184;3;270304
6fb2fe7869;184;4;270304
fd44ad624e;183;3;270304
4c4bf4412f;181;3;270304
698a39be43;181;2;270304
2be7ead7f5;181;2;270304
31ac722fdf;180;3;270304
e947304da8;180;5;270304
bca47514ec;180;4;270304
76ea109980;179;3;270304
c5a2d0ecee;179;5;270304
c0b05c5b91;178;5;270304
3d375b10ce;178;3;270304
ae168867aa;178;5;270304
5e330c8730;178;1;270304
31117cf354;177;4;270304
ba412fb708;177;4;270304
24569e5805;177;2;270304
25aba3ad3f;177;3;270304
172d319560;177;2;270304
6b8f307ed6;177;2;270304
40ce240038;176;4;270304
1cee4dae51;176;5;270304
29288ec604;176;3;270304
05a922a41c;176;4;270304
b8a5dde90a;175;3;270304
ce3876bdd9;175;2;270304
6ba54dd231;174;2;270304
06013bd400;174;3;270304
f1c6246dd2;173;1;270304
0d8986ba76;173;1;270304
99459d9173;171;4;270304
a1b3f9f20f;171;2;270304
60d9c48645;170;2;270304
703dbaafe8;170;3;270304
eb63d39540;169;3;270304
7b0adb5255;169;5;270304
74d925febd;168;1;270304
e3c8193114;168;1;270304
3ac3507824;168;1;270304
90e0a7c3ce;167;2;270304
d009a080e6;167;1;270304
4b867964c1;166;4;270304
2e61d069a1;163;7;270304
254342eca4;163;1;270304
c73c8bc109;162;1;270304
648a83b494;161;2;270304
fc64aebdcf;161;2;270304
5a0316bf8d;161;1;270304
df54505b8b;161;2;270304
46c6fb8678;160;2;270304
4b49162753;160;1;270304
968cbf4f3b;159;3;270304
7c97a32463;159;2;270304
d8cab72f4c;158;4;270304
e86146027a;158;6;270304
6b5b213aa1;158;2;270304
d369be60bc;157;4;270304
d02087d862;156;3;270304
d3b82e3f41;155;3;270304
30136543bf;155;3;270304
54d4a82c33;155;4;270304
341ed3d47a;154;1;270304
96256df3ac;154;2;270304
32f7ff93e5;154;3;270304
2b9b4de085;153;5;270304
3651861ca8;153;3;270304
952e08a89d;153;4;270304
f6c959c68b;152;1;270304
700d013ad3;152;4;270304
5110ddb98f;151;2;270304
18782e5dbb;147;1;270304
6f6177a7ec;145;3;270304
9caaf2a8ea;145;2;270304
e4171f7f4b;145;1;270304
011ba6e3cc;145;2;270304
1634afaca8;143;4;270304
4ed80312a1;143;3;270304
0b1813265f;142;5;270304
333cf75be6;140;3;270304
e5ae5bd4b4;139;2;270304
1a1a16aa40;139;1;270304
7920fc4ee4;137;2;270304
4e3d281256;137;1;270304
45bf000fce;136;2;270304
24092ac219;134;5;270304
7e288c4b34;134;3;270304
3c076f4ae0;263;1;030302
22f5270bc6;260;5;030302
d2379b35fd;250;1;030302
9994f317a1;246;4;030302
1b91eec272;241;4;030302
b175905c1e;237;5;030302
fc8d170a1a;232;5;030302
2d0e3bb017;229;2;030302
3e092e9fa6;226;2;030302
72e0f311f1;224;2;030302
8032a6f743;223;2;030302
321fcae662;219;3;030302
e4fe5756a5;217;2;030302
86d5aa24f3;217;3;030302
b003e70b0b;216;3;030302
f5a7cd142f;215;4;030302
4159cb9453;214;2;030302
f04b050dc1;213;4;030302
65e189dcf4;212;5;030302
51474aff50;210;4;030302
2a70def790;209;4;030302
32bc372d0f;207;3;030302
faac27303f;206;2;030302
4bad497073;205;2;030302
f0c9db5d3a;201;3;030302
a6df42d8fd;200;3;030302
c46dacbad7;199;1;030302
5e785c1701;197;3;030302
8ae616a0fb;196;5;030302
b824b9bcbb;191;1;030302
c2ab3169a6;190;4;030302
7ba5ac6d4d;189;3;030302
9095310dfc;186;2;030302
dcf56e2401;185;5;030302
e7a3e2f4f5;185;2;030302
f53579dfc3;183;3;030302
4c4bf4412f;181;1;030302
bca47514ec;180;1;030302
c4b0e76fa2;177;3;030302
29288ec604;176;5;030302
44dd43369d;176;5;030302
40ce240038;176;1;030302
034cf11506;176;1;030302
ce3876bdd9;175;4;030302
4b867964c1;171;1;030302
99459d9173;171;3;030302
eb63d39540;169;1;030302
13985edfa7;169;3;030302
e3c8193114;168;4;030302
689576b9f5;167;3;030302
a523c33e26;167;4;030302
4b49162753;160;4;030302
57cfcb8732;159;1;030302
968cbf4f3b;159;1;030302
2fe7c886b5;157;1;030302
81071c4102;155;1;030302
1352aa2b92;153;1;030302
8c075ef1b2;145;1;030302
1634afaca8;143;2;030302
7920fc4ee4;137;1;030302
96c4347cc5;137;1;030302
3e47e6b821;263;1;180301
b653a003b1;261;1;180301
e4ded0c0fa;251;1;180301
04758ffc14;249;1;180301
c6797827c8;248;1;180301
5bfb357ddb;247;1;180301
b6b2a80da9;242;3;180301
4ac48d70ab;234;1;180301
38ef884451;232;1;180301
3a3eea2bcc;232;1;180301
2c3fbc0c90;232;2;180301
5590fa2092;230;1;180301
62e6eca389;230;5;180301
8ab7d085e5;229;1;180301
2393d6c1c2;225;1;180301
dcdd8299e2;224;2;180301
9da9f64a42;224;1;180301
86d5aa24f3;219;1;180301
c6ef646666;218;1;180301
471b92cb7c;216;1;180301
1a7f080abf;216;1;180301
fecae81a3b;205;3;180301
e8a6e6a779;203;2;180301
4a2a7c02e1;202;1;180301
5f57d1ef25;201;1;180301
763c11b1fb;199;1;180301
4a3660df56;199;1;180301
2047522346;199;2;180301
c714046963;197;1;180301
136a9b2951;196;1;180301
b0224ef40d;196;1;180301
703a7538ee;194;1;180301
e7baf0c5fe;194;1;180301
82a31a7d75;191;1;180301
b5e5b3f94f;191;1;180301
d6b9832a47;191;1;180301
54f2364d50;191;1;180301
fb8f0b96df;190;1;180301
6f61d03dd3;188;1;180301
177a6ff391;187;1;180301
f385dfba06;185;2;180301
27ed3f95ef;185;1;180301
1d5ef9e6a5;183;1;180301
73c7fed9ef;183;3;180301
1c72036c64;182;4;180301
565d274d3c;182;1;180301
e8057637d2;180;1;180301
c391987e5d;180;1;180301
89119a0604;178;2;180301
0f8c4226e9;178;3;180301
f0b1c452bc;173;1;180301
6277508415;171;1;180301
40351146b3;171;1;180301
5806b5fe22;171;3;180301
50c9139df6;171;1;180301
be657cd798;170;1;180301
69da0eb34f;168;1;180301
cbfd6b300a;167;1;180301
540dba90c5;164;1;180301
0cbdea21c5;164;1;180301
62c0ae3190;163;1;180301
305d8d5a82;161;1;180301
490c3c5a33;160;1;180301
dacf403e75;159;1;180301
f22276f276;156;2;180301
5a8d4dfd62;155;2;180301
2f44be3b35;155;1;180301
341ed3d47a;154;3;180301
380645e52c;154;1;180301
2bf5a3a57d;151;1;180301
53a2757e50;150;3;180301
851cd8b251;149;1;180301
845d5581e4;149;4;180301
6f6177a7ec;145;1;180301
52bf375df3;137;2;180301
f913b0302d;135;1;180301
e3c804357a;131;1;180301
28a0180b0f;130;5;180301
1797fd19e9;123;1;180301
12bbb927ed;295;1;380301
ac5fb86a58;281;1;380301
637e9599cc;267;2;380301
ebb1c99241;265;2;380301
0b8552f3e5;261;2;380301
2f49584e30;259;1;380301
f16935d19f;256;1;380301
bd90d4f1c9;255;2;380301
951f84d1d0;252;2;380301
b653a003b1;251;2;380301
edd6fbfa25;250;2;380301
60d28e397b;250;4;380301
a660aa962f;248;5;380301
0d11796342;247;5;380301
9eb84c3cc5;246;2;380301
3f5eeffa0d;246;1;380301
234934686f;242;3;380301
019c9ef3b7;240;1;380301
e07b556475;240;4;380301
4452c3aed7;238;4;380301
21556a0372;237;3;380301
d1b4c0b1de;234;2;380301
20b77ff6a9;234;1;380301
87e03967a6;231;2;380301
30c220196d;230;4;380301
cabcbe0d8f;228;1;380301
e65c3b40e9;226;2;380301
09913e3e58;226;3;380301
f075d569a8;224;1;380301
23650fc25f;224;2;380301
e5bc0a2d2e;222;4;380301
5a92bcc74d;221;1;380301
6d21d1e75b;218;2;380301
fd11ce9c5e;217;2;380301
0c1d665ac1;217;2;380301
fcd40566fe;213;1;380301
419ad7b95b;213;2;380301
9dab65861e;210;2;380301
01878d50c9;206;4;380301
dcf10c96d5;204;4;380301
e63b5ba8e9;202;6;380301
cd688158ed;200;1;380301
29d9200d54;195;2;380301
85666fbb5d;194;3;380301
d5e0523daf;188;4;380301
92f5986a68;187;3;380301
c426d1af04;185;2;380301
26323b56c8;182;3;380301
4672946585;182;3;380301
826f7c23c6;181;4;380301
6682a9ad03;180;2;380301
083dc47e72;178;2;380301
83c5e0e9e5;177;3;380301
bf52811974;177;3;380301
3fad9ef86e;177;1;380301
3daf447e16;175;2;380301
2f10c3f286;168;1;380301
0fe58e3b67;157;1;380301
f632221bb9;157;3;380301
9d1db517c0;150;1;380301
3e47e6b821;263;2;180302
e4ded0c0fa;251;2;180302
04758ffc14;249;4;180302
38ef884451;232;3;180302
3a3eea2bcc;232;2;180302
62e6eca389;230;3;180302
d83ea08790;226;3;180302
dcdd8299e2;224;1;180302
7bbc8bbe39;223;3;180302
86d5aa24f3;219;2;180302
2609ce4893;219;1;180302
c6ef646666;218;4;180302
471b92cb7c;216;2;180302
1a7f080abf;216;2;180302
873c8832f6;211;6;180302
fecae81a3b;205;1;180302
e8a6e6a779;203;3;180302
5154a116a5;202;5;180302
cc6e8288a2;202;1;180302
5f57d1ef25;201;2;180302
336f03b270;201;2;180302
763c11b1fb;199;5;180302
4a3660df56;199;2;180302
c714046963;197;2;180302
136a9b2951;196;3;180302
b0224ef40d;196;2;180302
8ae616a0fb;196;3;180302
703a7538ee;194;2;180302
18056c4834;194;3;180302
e7baf0c5fe;194;3;180302
29207f12eb;192;3;180302
d6b9832a47;191;3;180302
c41e805d80;191;4;180302
6dfa5b3b28;191;5;180302
1141e49002;189;1;180302
f6969ca4c2;189;1;180302
005d19ba16;188;3;180302
6f61d03dd3;188;5;180302
dcf56e2401;185;3;180302
f385dfba06;185;3;180302
e822668721;184;5;180302
1d5ef9e6a5;183;3;180302
73c7fed9ef;183;5;180302
a04b0b2f13;182;4;180302
565d274d3c;182;2;180302
826f7c23c6;181;2;180302
e8057637d2;180;2;180302
89119a0604;178;5;180302
3d375b10ce;178;1;180302
0f8c4226e9;178;5;180302
9c18fc8894;177;1;180302
172d319560;177;1;180302
6b8f307ed6;177;1;180302
1cee4dae51;176;2;180302
05a922a41c;176;1;180302
8a1dcc7607;174;2;180302
f0b1c452bc;173;2;180302
0a74ac6543;173;1;180302
420fc031a6;173;2;180302
40351146b3;171;5;180302
5806b5fe22;171;2;180302
be657cd798;170;2;180302
a0373244a1;169;1;180302
69da0eb34f;168;4;180302
3ac3507824;168;5;180302
cbfd6b300a;167;2;180302
4f413caaa9;165;2;180302
540dba90c5;164;2;180302
62c0ae3190;163;3;180302
305d8d5a82;161;2;180302
df54505b8b;161;4;180302
da9fb1bfda;159;1;180302
7c97a32463;159;1;180302
ed34e42b3d;157;2;180302
f22276f276;156;3;180302
5a8d4dfd62;155;4;180302
3651861ca8;153;1;180302
7cc97aa481;153;1;180302
1a969f6d29;151;4;180302
2bf5a3a57d;151;2;180302
53a2757e50;150;2;180302
851cd8b251;149;2;180302
845d5581e4;149;3;180302
94ba6d555a;148;1;180302
f435a0c7c0;147;2;180302
6f6177a7ec;145;2;180302
e4171f7f4b;145;3;180302
481a42c6d5;143;2;180302
0b1813265f;142;2;180302
6561934ec5;137;2;180302
f913b0302d;135;4;180302
4f6da279b6;131;1;180302
ebe1591187;130;1;180302
39b90be22b;128;6;180302
1797fd19e9;123;4;180302
3bb3448004;123;2;180302
3e47e6b821;263;3;180302
e4ded0c0fa;251;3;180302
04758ffc14;249;2;180302
5bfb357ddb;247;2;180302
3a3eea2bcc;232;3;180302
2c3fbc0c90;232;4;180302
5590fa2092;230;2;180302
62e6eca389;230;4;180302
8ab7d085e5;229;2;180302
d1cde4444d;228;4;180302
7f84b84bbe;226;4;180302
dcdd8299e2;224;5;180302
9da9f64a42;224;2;180302
c6ef646666;218;5;180302
873c8832f6;211;5;180302
e8a6e6a779;203;1;180302
cc6e8288a2;202;5;180302
5f57d1ef25;201;3;180302
763c11b1fb;199;2;180302
136a9b2951;196;2;180302
b0224ef40d;196;3;180302
e7baf0c5fe;194;2;180302
82a31a7d75;191;2;180302
d6b9832a47;191;2;180302
54f2364d50;191;2;180302
6dfa5b3b28;191;4;180302
fb8f0b96df;190;2;180302
1141e49002;189;2;180302
3351417a81;188;3;180302
6f61d03dd3;188;4;180302
177a6ff391;187;2;180302
f385dfba06;185;4;180302
1d5ef9e6a5;183;5;180302
73c7fed9ef;183;4;180302
a04b0b2f13;182;3;180302
bcdf0276fb;182;4;180302
e8057637d2;180;3;180302
31ac722fdf;180;4;180302
c391987e5d;180;2;180302
89119a0604;178;4;180302
8a1dcc7607;174;1;180302
6277508415;171;2;180302
40351146b3;171;4;180302
5806b5fe22;171;1;180302
50c9139df6;171;2;180302
be657cd798;170;3;180302
a0373244a1;169;3;180302
69da0eb34f;168;3;180302
cbfd6b300a;167;4;180302
4f413caaa9;165;3;180302
540dba90c5;164;3;180302
305d8d5a82;161;3;180302
490c3c5a33;160;2;180302
dacf403e75;159;2;180302
da9fb1bfda;159;3;180302
f22276f276;156;1;180302
5a8d4dfd62;155;3;180302
d3b82e3f41;155;1;180302
1a969f6d29;151;6;180302
53a2757e50;150;1;180302
b68508f72c;147;3;180302
481a42c6d5;143;8;180302
f913b0302d;135;3;180302
4f6da279b6;131;2;180302
ef0e6a8897;131;2;180302
889eab15f6;130;4;180302
bb8e26653b;130;2;180302
1797fd19e9;123;3;180302
